,Fund,Earning,Value,Market,Commission,Tax
2015-12-31,223067.2,80460.04,303527.24,154416.11,2637.37,2089.18
2016-01-01,457567.2,80460.59,538027.79,154419.5,2637.42,2089.18
2016-01-02,457567.2,80460.59,538027.79,154419.5,2637.42,2089.18
2016-01-03,457567.2,80460.59,538027.79,154419.5,2637.42,2089.18
2016-01-04,457567.2,73200.68,530767.88,237308.85,2671.21,2116.18
2016-01-05,457567.2,75215.98,532783.18,226899.73,2685.65,2127.18
2016-01-06,457567.2,76766.24,534333.44,236518.38,2691.84,2136.18
2016-01-07,457567.2,63916.99,521484.19,259943.28,2716.48,2173.18
2016-01-08,457567.2,64581.81,522149.01,276754.63,2723.34,2190.18
2016-01-09,457567.2,64588.63,522155.83,276875.4,2724.42,2190.18
2016-01-10,457567.2,65080.82,522648.02,297886.41,2760.61,2211.73
2016-01-11,457567.2,54984.92,512552.12,331726.07,2792.96,2244.15
2016-01-12,457567.2,56759.0,514326.2,350975.31,2799.1,2262.15
2016-01-13,457567.2,53136.22,510703.42,334072.83,2861.79,2262.15
2016-01-14,457567.2,55830.54,513397.74,331182.17,2873.62,2278.15
2016-01-15,457567.2,45786.11,503353.31,321457.19,2876.91,2278.15
2016-01-16,457567.2,45780.76,503347.96,321587.5,2878.31,2278.15
2016-01-17,457567.2,45782.51,503349.71,321544.86,2877.85,2278.15
2016-01-18,457567.2,43082.51,500649.71,318844.86,2877.85,2278.15
2016-01-19,457567.2,47973.9,505541.1,327093.58,2884.47,2282.15
2016-01-20,457567.2,39611.4,497178.6,350961.19,2902.53,2282.15
2016-01-21,457567.2,36466.06,494033.26,347955.47,2903.63,2282.15
2016-01-22,457567.2,44433.34,502000.54,355722.35,2902.05,2282.15
2016-01-23,457567.2,44430.42,501997.62,355307.14,2898.81,2282.15
2016-01-24,457567.2,44431.45,501998.65,355452.71,2899.95,2282.15
2016-01-25,457567.2,44002.75,501569.95,329763.19,2908.2,2282.15
2016-01-26,457567.2,39721.53,497288.73,351400.91,2942.77,2309.85
2016-01-27,457567.2,35982.3,493549.5,347740.81,2943.55,2309.85
2016-01-28,457567.2,34024.44,491591.64,325520.52,3077.24,2309.85
2016-01-29,457567.2,42964.81,500532.01,334450.3,3077.09,2309.85
2016-01-30,457567.2,42966.36,500533.56,334403.15,3076.41,2309.85
2016-01-31,457567.2,42969.13,500536.33,334319.1,3075.2,2309.85
2016-02-01,457567.2,41983.47,499550.67,333333.44,3075.2,2309.85
2016-02-02,457567.2,36750.74,494317.94,323203.68,3098.1,2332.85
2016-02-03,457567.2,30154.68,487721.88,316784.42,3100.57,2332.85
2016-02-04,457567.2,38687.59,496254.79,325370.27,3101.3,2332.85
2016-02-05,457567.2,36078.87,493646.07,322646.15,3099.7,2332.85
2016-02-06,457567.2,36070.54,493637.74,322721.45,3100.86,2332.85
2016-02-07,457567.2,36075.28,493642.48,322678.56,3100.2,2332.85
2016-02-08,457567.2,32624.58,490191.78,319227.86,3100.2,2332.85
2016-02-09,457567.2,31787.1,489354.3,318416.85,3100.57,2332.85
2016-02-10,457567.2,30951.92,488519.12,317638.83,3101.36,2332.85
2016-02-11,457567.2,19536.33,477103.53,319898.66,3107.02,2346.85
2016-02-12,457567.2,17084.72,474651.92,350847.7,3142.22,2385.85
2016-02-13,457567.2,17089.35,474656.55,350815.15,3141.8,2385.85
2016-02-14,457567.2,17089.35,474656.55,350815.15,3141.8,2385.85
2016-02-15,457567.2,28019.35,485586.55,361745.15,3141.8,2385.85
2016-02-16,457567.2,40786.12,498353.32,374450.85,3141.11,2385.85
2016-02-17,457567.2,39808.7,497375.9,373545.12,3141.92,2385.85
2016-02-18,457567.2,46581.92,504149.12,380258.6,3141.25,2385.85
2016-02-19,457567.2,46128.05,503695.25,386658.99,3148.07,2385.85
2016-02-20,457567.2,46130.39,503697.59,386580.56,3147.21,2385.85
2016-02-21,457567.2,46130.26,503697.46,386584.69,3147.26,2385.85
2016-02-22,457567.2,53607.22,511174.42,383925.43,3159.04,2397.85
2016-02-23,457567.2,53455.53,511022.73,385382.91,3164.36,2399.85
2016-02-24,457567.2,57891.27,515458.47,367261.64,3178.63,2413.85
2016-02-25,457567.2,54558.08,512125.28,353224.08,3192.69,2418.85
2016-02-26,457567.2,64262.96,521830.16,362925.65,3192.65,2418.85
2016-02-27,457567.2,64266.73,521833.93,362952.6,3192.97,2418.85
2016-02-28,457567.2,64270.86,521838.06,362982.12,3193.32,2418.85
2016-02-29,457567.2,59949.38,517516.58,368016.18,3199.54,2437.79
2016-03-01,457567.2,64058.22,521625.42,375444.24,3222.8,2451.79
2016-03-02,457567.2,76039.72,533606.92,387369.49,3222.03,2451.79
2016-03-03,457567.2,77967.88,535535.08,389331.84,3222.5,2451.79
2016-03-04,457567.2,82403.85,539971.05,393730.31,3221.98,2451.79
2016-03-05,457567.2,82389.15,539956.35,393640.6,3220.94,2451.78
2016-03-06,457567.2,82386.99,539954.19,393627.41,3220.79,2451.78
2016-03-07,457567.2,86083.35,543650.55,397323.78,3220.79,2451.78
2016-03-08,457567.2,77948.07,535515.27,389201.93,3234.34,2483.78
2016-03-09,457567.2,76096.65,533663.85,375467.54,3241.29,2495.78
2016-03-10,457567.2,73076.6,530643.8,372640.31,3259.79,2495.78
2016-03-11,457567.2,76180.45,533747.65,375728.72,3259.58,2495.78
2016-03-12,457567.2,76166.71,533733.91,375648.8,3258.67,2495.77
2016-03-13,457567.2,76169.92,533737.12,375667.45,3258.88,2495.77
2016-03-14,457567.2,81850.58,539417.78,381348.11,3258.88,2495.77
2016-03-15,457567.2,75365.15,532932.35,374861.57,3258.86,2495.77
2016-03-16,457567.2,77033.5,534600.7,386801.37,3265.37,2495.77
2016-03-17,457567.2,81379.44,538946.64,391174.89,3265.75,2495.78
2016-03-18,457567.2,86593.31,544160.51,396306.03,3264.6,2495.77
2016-03-19,457567.2,86591.55,544158.75,396294.34,3264.47,2495.77
2016-03-20,457567.2,86594.68,544161.88,396315.12,3264.71,2495.77
2016-03-21,457567.2,91614.23,549181.43,401334.67,3264.71,2495.77
2016-03-22,457567.2,87131.07,544698.27,396831.65,3264.44,2495.77
2016-03-23,457567.2,85390.0,542957.2,395077.36,3264.25,2495.77
2016-03-24,457567.2,82713.28,540280.48,392426.0,3264.6,2495.77
2016-03-25,457567.2,82719.87,540287.07,392474.5,3265.18,2495.77
2016-03-26,457567.2,82717.27,540284.47,392455.35,3264.96,2495.77
2016-03-27,457567.2,82718.48,540285.68,392464.29,3265.06,2495.77
2016-03-28,457567.2,79692.59,537259.79,389438.4,3265.06,2495.77
2016-03-29,457567.2,80810.63,538377.83,390542.1,3264.86,2495.77
2016-03-30,457567.2,85958.56,543525.76,362783.57,3291.12,2530.66
2016-03-31,457567.2,89684.43,547251.63,341205.37,3355.16,2659.66
2016-04-01,457567.2,83536.97,541104.17,324566.8,3361.85,2659.66
2016-04-02,457567.2,83535.2,541102.4,324554.0,3361.7,2659.66
2016-04-03,457567.2,83533.96,541101.16,324545.04,3361.59,2659.66
2016-04-04,457567.2,86713.23,544280.43,327724.3,3361.59,2659.66
2016-04-05,457567.2,82868.62,540435.82,323875.29,3361.53,2659.66
2016-04-06,457567.2,89922.91,547490.11,317904.83,3380.95,2694.66
2016-04-07,457567.2,80857.61,538424.81,292336.08,3398.97,2712.11
2016-04-08,457567.2,81768.56,539335.76,293269.08,3399.27,2712.11
2016-04-09,457567.2,81767.06,539334.26,293260.97,3399.18,2712.11
2016-04-10,457567.2,81768.81,539336.01,293270.44,3399.29,2712.11
2016-04-11,457567.2,90982.03,548549.23,292936.16,3451.79,2712.11
2016-04-12,457567.2,89907.73,547474.93,291819.94,3451.21,2712.1
2016-04-13,457567.2,96953.42,554520.62,311491.16,3457.76,2725.11
2016-04-14,457567.2,97988.42,555555.62,312160.88,3489.44,2725.11
2016-04-15,457567.2,99443.63,557010.83,313621.61,3489.52,2725.11
2016-04-16,457567.2,99436.13,557003.33,313588.74,3489.16,2725.1
2016-04-17,457567.2,99439.39,557006.59,313603.04,3489.32,2725.11
2016-04-18,457567.2,97406.61,554973.81,320543.7,3502.92,2760.11
2016-04-19,457567.2,100382.37,557949.57,343138.95,3509.85,2780.11
2016-04-20,457567.2,103759.71,561326.91,364460.97,3516.69,2798.11
2016-04-21,457567.2,105906.54,563473.74,394923.65,3530.05,2827.11
2016-04-22,457567.2,104680.36,562247.56,371681.19,3538.49,2827.11
2016-04-23,457567.2,104680.36,562247.56,371681.19,3538.49,2827.11
2016-04-24,457567.2,104678.06,562245.26,371673.98,3538.4,2827.11
2016-04-25,457567.2,103388.38,560955.58,361805.96,3550.06,2837.11
2016-04-26,457567.2,100377.59,557944.79,337703.08,3562.39,2859.11
2016-04-27,457567.2,99473.73,557040.93,336796.76,3562.35,2859.11
2016-04-28,457567.2,97970.73,555537.93,335299.49,3562.46,2859.11
2016-04-29,457567.2,98630.9,556198.1,335966.21,3562.58,2859.11
2016-04-30,457567.2,98631.66,556198.86,335968.62,3562.61,2859.11
2016-05-01,457567.2,98630.52,556197.72,335965.01,3562.56,2859.11
2016-05-02,457567.2,97994.44,555561.64,335328.93,3562.56,2859.11
2016-05-03,457567.2,94686.6,552253.8,332044.02,3562.99,2859.11
2016-05-04,457567.2,90264.4,547831.6,327648.03,3563.49,2859.11
2016-05-05,457567.2,85941.26,543508.46,343031.79,3587.46,2880.39
2016-05-06,457567.2,80947.37,538514.57,369875.63,3606.52,2914.39
2016-05-07,457567.2,80940.59,538507.79,369849.2,3606.15,2914.39
2016-05-08,457567.2,80736.54,538303.74,386424.62,3624.36,2931.84
2016-05-09,457567.2,75489.26,533056.46,373751.41,3630.43,2939.84
2016-05-10,457567.2,77479.82,535047.02,375764.9,3630.86,2939.85
2016-05-11,457567.2,79424.4,536991.6,387220.74,3636.83,2949.84
2016-05-12,457567.2,74274.24,531841.44,349978.79,3657.32,2973.84
2016-05-13,457567.2,72689.64,530256.84,357123.63,3663.34,2982.84
2016-05-14,457567.2,72704.38,530271.58,357169.45,3664.02,2982.85
2016-05-15,457567.2,72704.72,530271.92,357170.49,3664.04,2982.85
2016-05-16,457567.2,77701.99,535269.19,329683.46,3672.51,2982.85
2016-05-17,457567.2,82827.81,540395.01,362089.71,3703.51,2982.85
2016-05-18,457567.2,87029.07,544596.27,366283.94,3703.34,2982.84
2016-05-19,457567.2,81953.63,539520.83,350014.14,3734.05,3024.85
2016-05-20,457567.2,84759.64,542326.84,364102.44,3741.02,3036.85
2016-05-21,457567.2,84760.08,542327.28,364103.52,3741.03,3036.85
2016-05-22,457567.2,84753.08,542320.28,364086.3,3740.78,3036.85
2016-05-23,457567.2,88840.58,546407.78,365752.57,3782.78,3103.62
2016-05-24,457567.2,92162.53,549729.73,369078.35,3782.87,3103.62
2016-05-25,457567.2,97041.77,554608.97,373948.68,3814.61,3103.62
2016-05-26,457567.2,97628.23,555195.43,374519.8,3814.23,3103.62
2016-05-27,457567.2,106247.73,563814.93,382978.88,3845.68,3103.62
2016-05-28,457567.2,106249.99,563817.19,382983.7,3845.74,3103.62
2016-05-29,457567.2,106250.55,563817.75,382984.9,3845.76,3103.62
2016-05-30,457567.2,104697.29,562264.49,393229.9,3899.76,3161.09
2016-05-31,457567.2,108248.0,565815.2,374387.36,3940.31,3183.09
2016-06-01,457567.2,101677.44,559244.64,322297.65,3975.54,3202.09
2016-06-02,457567.2,102373.64,559940.84,322996.13,3975.67,3202.09
2016-06-03,457567.2,98816.07,556383.27,319439.42,3975.72,3202.09
2016-06-04,457567.2,98803.01,556370.21,319417.24,3975.19,3202.09
2016-06-05,457567.2,98803.83,556371.03,319418.63,3975.23,3202.09
2016-06-06,457567.2,106428.03,563995.23,281695.0,4074.51,3466.32
2016-06-07,457567.2,112561.81,570129.01,311035.0,4092.97,3490.94
2016-06-08,457567.2,109957.22,567524.42,348610.0,4117.96,3531.94
2016-06-09,457567.2,109929.64,567496.84,348610.0,4116.87,3531.94
2016-06-10,457567.2,101229.58,558796.78,339395.0,4116.94,3588.96
2016-06-11,457567.2,101239.93,558807.13,339395.0,4117.34,3588.96
2016-06-12,457567.2,101476.05,559043.25,351215.0,4135.19,3601.27
2016-06-13,457567.2,92646.05,550213.25,342385.0,4135.19,3601.27
2016-06-14,457567.2,92199.62,549766.82,420930.0,4217.86,3685.4
2016-06-15,457567.2,98458.58,556025.78,427195.0,4217.63,3685.4
2016-06-16,457567.2,88824.86,546392.06,431150.0,4235.56,3699.76
2016-06-17,457567.2,95364.6,552931.8,417020.0,4242.57,3720.76
2016-06-18,457567.2,95370.21,552937.41,417020.0,4242.79,3720.76
2016-06-19,457567.2,95365.03,552932.23,417020.0,4242.59,3720.76
2016-06-20,457567.2,101135.45,558702.65,441650.0,4294.11,3829.83
2016-06-21,457567.2,107227.6,564794.8,447740.0,4294.19,3829.83
2016-06-22,457567.2,113555.85,571123.05,484245.0,4367.65,4123.26
2016-06-23,457567.2,113310.76,570877.96,515925.0,4457.55,4197.13
2016-06-24,457567.2,102190.55,559757.75,492540.0,4475.4,4210.46
2016-06-25,457567.2,102194.43,559761.63,492540.0,4475.55,4210.46
2016-06-26,457567.2,102207.79,559774.99,492540.0,4476.08,4210.46
2016-06-27,457567.2,102367.79,559934.99,492700.0,4476.08,4210.46
2016-06-28,457567.2,102429.77,559996.97,492765.0,4475.96,4210.46
2016-06-29,457567.2,107562.87,565130.07,497905.0,4475.69,4210.46
2016-06-30,457567.2,117456.15,575023.35,507800.0,4475.62,4210.46
2016-07-01,457567.2,117457.44,575024.64,507800.0,4475.67,4210.46
2016-07-02,457567.2,117453.99,575021.19,507800.0,4475.53,4210.46
2016-07-03,457567.2,117455.29,575022.49,507800.0,4475.59,4210.46
2016-07-04,457567.2,125580.29,583147.49,515925.0,4475.59,4210.46
2016-07-05,457567.2,117812.21,575379.41,515025.0,4526.55,4544.92
2016-07-06,457567.2,113883.08,571450.28,511095.0,4526.59,4544.92
2016-07-07,457567.2,117348.51,574915.71,514560.0,4526.6,4544.92
2016-07-08,457567.2,117839.37,575406.57,515050.0,4526.64,4544.92
2016-07-09,457567.2,117835.92,575403.12,515050.0,4526.5,4544.92
2016-07-10,457567.2,117835.06,575402.26,515050.0,4526.47,4544.92
2016-07-11,457567.2,128629.56,586196.76,537850.0,4544.47,4557.24
2016-07-12,457567.2,134569.13,592136.33,543790.0,4544.45,4557.24
2016-07-13,457567.2,135562.14,593129.34,544780.0,4544.57,4557.25
2016-07-14,457567.2,135952.66,593519.86,545180.0,4544.2,4557.24
2016-07-15,457567.2,141227.49,598794.69,550460.0,4543.99,4557.24
2016-07-16,457567.2,141224.04,598791.24,550460.0,4543.86,4557.24
2016-07-17,457567.2,141224.04,598791.24,550460.0,4543.86,4557.24
2016-07-18,457567.2,145080.34,602647.54,530540.0,4562.91,4581.88
2016-07-19,457567.2,144281.64,601848.84,529740.0,4562.96,4581.88
2016-07-20,457567.2,146188.95,603756.15,546370.0,4581.13,4597.28
2016-07-21,457567.2,147960.25,605527.45,527420.0,4599.17,4618.84
2016-07-22,457567.2,144267.78,601834.98,507270.0,4605.98,4635.84
2016-07-23,457567.2,144272.52,601839.72,507270.0,4606.16,4635.84
2016-07-24,457567.2,144273.38,601840.58,507270.0,4606.2,4635.85
2016-07-25,457567.2,146637.74,604204.94,509680.0,4631.48,4679.85
2016-07-26,457567.2,147513.86,605081.06,510560.0,4631.33,4679.84
2016-07-27,457567.2,146512.31,604079.51,509555.0,4631.46,4679.84
2016-07-28,457567.2,144851.76,602418.96,493280.0,4649.38,4695.24
2016-07-29,457567.2,137876.04,595443.24,502760.0,4661.57,4713.24
2016-07-30,457567.2,137887.24,595454.44,502760.0,4662.01,4713.24
2016-07-31,457567.2,137879.92,595447.12,502760.0,4661.72,4713.24
2016-08-01,457567.2,145529.77,603096.97,502065.0,4667.87,4722.24
2016-08-02,457567.2,144724.43,602291.63,477115.0,4687.79,4747.9
2016-08-03,457567.2,137716.15,595283.35,470105.0,4687.86,4747.9
2016-08-04,457567.2,148532.96,606100.16,480930.0,4687.53,4747.9
2016-08-05,457567.2,158726.19,616293.39,501880.0,4693.44,4758.89
2016-08-06,457567.2,158720.15,616287.35,501880.0,4693.2,4758.89
2016-08-07,457567.2,158719.72,616286.92,501880.0,4693.19,4758.89
2016-08-08,457567.2,166462.39,624029.59,498840.0,4699.52,4769.89
2016-08-09,457567.2,166920.58,624487.78,499290.0,4699.84,4769.89
2016-08-10,457567.2,163779.29,621346.49,496150.0,4699.79,4769.89
2016-08-11,457567.2,171145.58,628712.78,503515.0,4699.84,4769.89
2016-08-12,457567.2,177432.56,634999.76,509805.0,4699.72,4769.89
2016-08-13,457567.2,177433.43,635000.63,509805.0,4699.75,4769.89
2016-08-14,457567.2,177432.13,634999.33,509805.0,4699.7,4769.89
2016-08-15,457567.2,187662.13,645229.33,520035.0,4699.7,4769.89
2016-08-16,457567.2,182725.84,640293.04,515100.0,4699.65,4769.89
2016-08-17,457567.2,180326.53,637893.73,512705.0,4699.48,4769.89
2016-08-18,457567.2,187923.53,645490.73,539200.0,4717.48,4790.4
2016-08-19,457567.2,183245.94,640813.14,534525.0,4717.38,4790.4
2016-08-20,457567.2,183240.77,640807.97,534525.0,4717.18,4790.4
2016-08-21,457567.2,183240.77,640807.97,534525.0,4717.18,4790.4
2016-08-22,457567.2,184136.63,641703.83,535420.0,4717.21,4790.4
2016-08-23,457567.2,178222.5,635789.7,529505.0,4717.24,4790.4
2016-08-24,457567.2,170108.36,627675.56,521390.0,4717.28,4790.4
2016-08-25,457567.2,166462.39,624029.59,538665.0,4753.52,4812.96
2016-08-26,457567.2,166093.87,623661.07,523290.0,4760.14,4828.96
2016-08-27,457567.2,166099.9,623667.1,523290.0,4760.38,4828.96
2016-08-28,457567.2,162505.36,620072.56,441540.0,4952.99,5077.46
2016-08-29,457567.2,159883.09,617450.29,428915.0,4959.26,5088.46
2016-08-30,457567.2,166382.92,623950.12,435420.0,4959.06,5088.46
2016-08-31,457567.2,165959.27,623526.47,455005.0,4977.47,5109.0
2016-09-01,457567.2,167525.51,625092.71,469690.0,4995.16,5123.35
2016-09-02,457567.2,174311.2,631878.4,476480.0,4994.99,5123.35
2016-09-03,457567.2,174311.2,631878.4,476480.0,4994.99,5123.35
2016-09-04,457567.2,174311.2,631878.4,476480.0,4994.99,5123.35
2016-09-05,457567.2,184300.34,641867.54,486470.0,4994.96,5123.35
2016-09-06,457567.2,193661.2,651228.4,495830.0,4994.99,5123.35
2016-09-07,457567.2,192716.2,650283.4,494885.0,4994.99,5123.35
2016-09-08,457567.2,194968.78,652535.98,497135.0,4995.09,5123.35
2016-09-09,457567.2,202106.37,659673.57,504270.0,4995.2,5123.35
2016-09-10,457567.2,202107.23,659674.43,504270.0,4995.23,5123.35
2016-09-11,457567.2,202415.8,659983.0,518510.0,5013.21,5137.73
2016-09-12,457567.2,179887.14,637454.34,540927.0,5042.29,5185.48
2016-09-13,457567.2,174140.0,631707.2,521452.0,5091.86,5199.84
2016-09-14,457567.2,174306.86,631874.06,521618.0,5091.89,5199.84
2016-09-15,457567.2,180554.7,638121.9,527868.0,5091.81,5199.84
2016-09-16,457567.2,180556.0,638123.2,527868.0,5091.86,5199.84
2016-09-17,457567.2,180559.45,638126.65,527868.0,5091.99,5199.85
2016-09-18,457567.2,180559.45,638126.65,527868.0,5091.99,5199.85
2016-09-19,457567.2,189386.86,646954.06,536698.0,5091.89,5199.84
2016-09-20,457567.2,188474.55,646041.75,535790.0,5091.72,5199.84
2016-09-21,457567.2,192308.83,649876.03,539626.0,5091.66,5199.84
2016-09-22,457567.2,196639.52,654206.72,543961.0,5091.49,5199.84
2016-09-23,457567.2,192023.93,649591.13,551449.0,5097.82,5212.84
2016-09-24,457567.2,192027.38,649594.58,551449.0,5097.96,5212.84
2016-09-25,457567.2,192026.52,649593.72,551449.0,5097.93,5212.84
2016-09-26,457567.2,176895.44,634462.64,502430.0,5125.09,5247.76
2016-09-27,457567.2,182301.71,639868.91,507838.0,5125.02,5247.76
2016-09-28,457567.2,179266.99,636834.19,504805.0,5124.95,5247.76
2016-09-29,457567.2,181350.96,638918.16,506895.0,5124.71,5247.76
2016-09-30,457567.2,172816.58,630383.78,513743.0,5143.05,5264.17
2016-10-01,457567.2,172815.28,630382.48,513743.0,5143.0,5264.17
2016-10-02,457567.2,172818.73,630385.93,513743.0,5143.14,5264.17
2016-10-03,457567.2,174769.16,632336.36,515693.0,5143.15,5264.17
2016-10-04,457567.2,180078.16,637645.36,521002.0,5143.15,5264.17
2016-10-05,457567.2,178058.59,635625.79,518982.0,5143.17,5264.17
2016-10-06,457567.2,182833.61,640400.81,522962.0,5143.29,5264.18
2016-10-07,457567.2,183155.92,640723.12,523280.0,5143.46,5264.18
2016-10-08,457567.2,183155.92,640723.12,523280.0,5143.46,5264.18
2016-10-09,457567.2,183154.2,640721.4,523280.0,5143.39,5264.18
2016-10-10,457567.2,182865.92,640433.12,550640.0,5165.54,5292.92
2016-10-11,457567.2,177349.92,634917.12,572174.0,5187.14,5321.65
2016-10-12,457567.2,173713.33,631280.53,568540.0,5187.04,5321.65
2016-10-13,457567.2,165868.78,623435.98,517217.0,5262.22,5420.19
2016-10-14,457567.2,169376.52,626943.72,470399.0,5290.08,5472.87
2016-10-15,457567.2,169376.52,626943.72,470399.0,5290.08,5472.87
2016-10-16,457567.2,169376.52,626943.72,470399.0,5290.08,5472.87
2016-10-17,457567.2,164704.91,622272.11,422696.0,5327.03,5517.22
2016-10-18,457567.2,175204.91,632772.11,433196.0,5327.03,5517.22
2016-10-19,457567.2,171847.01,629414.21,445640.0,5344.76,5534.64
2016-10-20,457567.2,171692.03,629259.23,445482.0,5344.88,5534.64
2016-10-21,457567.2,171694.18,629261.38,445482.0,5344.96,5534.64
2016-10-22,457567.2,171689.87,629257.07,445482.0,5344.79,5534.64
2016-10-23,457567.2,171689.87,629257.07,445482.0,5344.79,5534.64
2016-10-24,457567.2,175318.46,632885.66,449108.0,5344.89,5534.64
2016-10-25,457567.2,176889.56,634456.76,493724.0,5378.99,5578.8
2016-10-26,457567.2,166627.12,624194.32,499424.0,5391.08,5595.8
2016-10-27,457567.2,160353.94,617921.14,493156.0,5390.88,5595.8
2016-10-28,457567.2,156814.5,614381.7,489620.0,5390.74,5595.8
2016-10-29,457567.2,156818.37,614385.57,489620.0,5390.9,5595.8
2016-10-30,457567.2,153785.12,611352.32,446100.0,5423.4,5637.9
2016-10-31,457567.2,153793.99,611361.19,446108.0,5423.43,5637.9
2016-11-01,457567.2,157671.88,615239.08,415072.0,5444.52,5695.9
2016-11-02,457567.2,150175.33,607742.53,407572.0,5444.65,5695.9
2016-11-03,457567.2,151010.47,608577.67,408408.0,5444.62,5695.9
2016-11-04,457567.2,154029.91,611597.11,411424.0,5444.76,5695.9
2016-11-05,457567.2,154028.19,611595.39,411424.0,5444.69,5695.9
2016-11-06,457567.2,154030.78,611597.98,411424.0,5444.79,5695.9
2016-11-07,457567.2,155406.78,612973.98,412800.0,5444.79,5695.9
2016-11-08,457567.2,162048.62,619615.82,482042.0,5505.26,5761.13
2016-11-09,457567.2,154548.59,612115.79,540058.0,5555.15,5830.43
2016-11-10,457567.2,163515.76,621082.96,572890.0,5609.35,5857.07
2016-11-11,457567.2,159172.23,616739.43,568540.0,5609.61,5857.08
2016-11-12,457567.2,159170.93,616738.13,568540.0,5609.55,5857.08
2016-11-13,457567.2,159170.93,616738.13,568540.0,5609.55,5857.08
2016-11-14,457567.2,156634.07,614201.27,566004.0,5609.52,5857.08
2016-11-15,457567.2,161597.21,619164.41,570968.0,5609.49,5857.08
2016-11-16,457567.2,167460.78,625027.98,576832.0,5609.47,5857.08
2016-11-17,457567.2,168750.04,626317.24,585524.0,5627.28,5865.27
2016-11-18,457567.2,173224.35,630791.55,604534.0,5634.07,5880.28
2016-11-19,457567.2,173221.33,630788.53,604534.0,5633.95,5880.27
2016-11-20,457567.2,173221.76,630788.96,604534.0,5633.97,5880.27
2016-11-21,457567.2,183708.31,641275.51,615024.0,5633.84,5880.27
2016-11-22,457567.2,189957.02,647524.22,615328.0,5651.87,5886.43
2016-11-23,457567.2,192086.7,649653.9,616024.0,5669.94,5888.47
2016-11-24,457567.2,198385.13,655952.33,622322.0,5669.95,5888.47
2016-11-25,457567.2,200408.11,657975.31,624348.0,5669.84,5888.47
2016-11-26,457567.2,200407.68,657974.88,624348.0,5669.82,5888.47
2016-11-27,457567.2,200408.98,657976.18,624348.0,5669.87,5888.47
2016-11-28,457567.2,202266.87,659834.07,614218.0,5705.77,5917.19
2016-11-29,457567.2,196363.46,653930.66,608312.0,5705.87,5917.19
2016-11-30,457567.2,197315.18,654882.38,609262.0,5705.94,5917.19
2016-12-01,457567.2,204120.28,661687.48,605316.0,5770.09,5980.8
2016-12-02,457567.2,201983.54,659550.74,611274.0,5787.91,5990.01
2016-12-03,457567.2,201983.54,659550.74,611274.0,5787.91,5990.01
2016-12-04,457567.2,201983.97,659551.17,611274.0,5787.92,5990.01
2016-12-05,457567.2,192892.83,650460.03,609930.0,5805.96,5998.22
2016-12-06,457567.2,193936.56,651503.76,610972.0,5806.03,5998.22
2016-12-07,457567.2,196549.42,654116.62,613584.0,5806.06,5998.22
2016-12-08,457567.2,208620.13,666187.33,625656.0,5806.01,5998.22
2016-12-09,457567.2,209978.63,667545.83,627002.0,5806.5,5998.23
2016-12-10,457567.2,209980.78,667547.98,627002.0,5806.59,5998.23
2016-12-11,457567.2,210445.21,668012.41,633642.0,5824.6,6005.39
2016-12-12,457567.2,197630.04,655197.24,620832.0,5824.4,6005.39
2016-12-13,457567.2,211239.14,668806.34,634448.0,5824.13,6005.39
2016-12-14,457567.2,204486.56,662053.76,627698.0,5824.03,6005.39
2016-12-15,457567.2,195420.66,652987.86,618614.0,5824.74,6005.39
2016-12-16,457567.2,202702.25,660269.45,625868.0,5825.82,6005.4
2016-12-17,457567.2,202697.93,660265.13,625868.0,5825.65,6005.4
2016-12-18,457567.2,202697.93,660265.13,625868.0,5825.65,6005.4
2016-12-19,457567.2,184027.42,641594.62,607188.0,5826.03,6005.4
2016-12-20,457567.2,177722.52,635289.72,600890.0,5825.75,6005.4
2016-12-21,457567.2,185748.18,643315.38,608926.0,5825.35,6005.4
2016-12-22,457567.2,174590.45,632157.65,533846.0,5899.69,6085.48
2016-12-23,457567.2,173328.9,630896.1,540022.0,5930.18,6129.9
2016-12-24,457567.2,173329.33,630896.53,540022.0,5930.19,6129.9
2016-12-25,457567.2,173329.33,630896.53,540022.0,5930.19,6129.9
2016-12-26,457567.2,173337.95,630905.15,540022.0,5930.53,6129.9
2016-12-27,457567.2,173332.78,630899.98,540022.0,5930.33,6129.9
2016-12-28,457567.2,176794.65,634361.85,528274.0,5949.05,6165.9
2016-12-29,457567.2,175368.06,632935.26,495576.0,5992.07,6228.13
2016-12-30,457567.2,183130.53,640697.73,481140.0,5998.98,6251.13
2016-12-31,457567.2,183133.55,640700.75,481140.0,5999.1,6251.13
2017-01-01,457567.2,183133.55,640700.75,481140.0,5999.1,6251.13
2017-01-02,457567.2,183146.48,640713.68,481140.0,5999.6,6251.14
2017-01-03,457567.2,190683.31,648250.51,488682.0,5999.4,6251.14
2017-01-04,457567.2,199199.0,656766.2,497202.0,5999.23,6251.13
2017-01-05,457567.2,198587.55,656154.75,496594.0,5999.1,6251.13
2017-01-06,457567.2,195331.7,652898.9,493336.0,5999.18,6251.13
2017-01-07,457567.2,195334.29,652901.49,493336.0,5999.28,6251.14
2017-01-08,457567.2,195334.72,652901.92,493336.0,5999.3,6251.14
2017-01-09,457567.2,204493.58,662060.78,502494.0,5999.33,6251.14
2017-01-10,457567.2,205462.69,663029.89,503470.0,5999.06,6251.13
2017-01-11,457567.2,214197.86,671765.06,512200.0,5999.27,6251.13
2017-01-12,457567.2,207807.12,665374.32,505814.0,5999.08,6251.13
2017-01-13,457567.2,217645.27,675212.47,515650.0,5999.16,6251.13
2017-01-14,457567.2,217644.84,675212.04,515650.0,5999.15,6251.13
2017-01-15,457567.2,217645.27,675212.47,515650.0,5999.16,6251.13
2017-01-16,457567.2,191699.0,649266.2,489702.0,5999.23,6251.13
2017-01-17,457567.2,193104.44,650671.64,491104.0,5999.37,6251.14
2017-01-18,457567.2,196902.11,654469.31,474648.0,6006.5,6272.14
2017-01-19,457567.2,192278.83,649846.03,485906.0,6013.28,6288.14
2017-01-20,457567.2,193007.13,650574.33,421328.0,6046.15,6356.14
2017-01-21,457567.2,193002.82,650570.02,421328.0,6045.98,6356.14
2017-01-22,457567.2,193002.82,650570.02,421328.0,6045.98,6356.14
2017-01-23,457567.2,197931.65,655498.85,430546.0,6063.78,6361.25
2017-01-24,457567.2,197925.2,655492.4,387216.0,6098.64,6406.42
2017-01-25,457567.2,196450.31,654017.51,399362.0,6113.21,6453.42
2017-01-26,457567.2,200548.47,658115.67,403458.0,6113.3,6453.42
2017-01-27,457567.2,198318.19,655885.39,431184.0,6121.17,6483.43
2017-01-28,457567.2,198322.5,655889.7,431184.0,6121.34,6483.43
2017-01-29,457567.2,198322.5,655889.7,431184.0,6121.34,6483.43
2017-01-30,457567.2,198317.76,655884.96,431184.0,6121.16,6483.42
2017-01-31,457567.2,198318.62,655885.82,431184.0,6121.19,6483.43
2017-02-01,457567.2,196224.93,653792.13,463146.0,6148.56,6518.34
2017-02-02,457567.2,196030.93,653598.13,462952.0,6148.56,6518.34
2017-02-03,457567.2,195608.62,653175.82,462534.0,6148.39,6518.34
2017-02-04,457567.2,195605.18,653172.38,462534.0,6148.25,6518.34
2017-02-05,457567.2,195605.18,653172.38,462534.0,6148.25,6518.34
2017-02-06,457567.2,199459.49,657026.69,466384.0,6148.42,6518.34
2017-02-07,457567.2,201055.05,658622.25,467980.0,6148.41,6518.34
2017-02-08,457567.2,218648.78,676215.98,485572.0,6148.48,6518.34
2017-02-09,457567.2,223767.61,681334.81,490696.0,6148.27,6518.34
2017-02-10,457567.2,225970.5,683537.7,531186.0,6177.03,6558.09
2017-02-11,457567.2,225964.9,683532.1,531186.0,6176.81,6558.09
2017-02-12,457567.2,225964.9,683532.1,531186.0,6176.81,6558.09
2017-02-13,457567.2,230710.93,688278.13,562876.0,6213.05,6586.82
2017-02-14,457567.2,224572.8,682140.0,571728.0,6249.08,6603.22
2017-02-15,457567.2,232033.69,689600.89,579182.0,6249.35,6603.22
2017-02-16,457567.2,236184.09,693751.29,607688.0,6268.57,6628.88
2017-02-17,457567.2,236711.55,694278.75,618016.0,6280.59,6638.88
2017-02-18,457567.2,236711.99,694279.19,618016.0,6280.6,6638.88
2017-02-19,457567.2,236711.55,694278.75,618016.0,6280.59,6638.88
2017-02-20,457567.2,243975.55,701542.75,625280.0,6280.59,6638.88
2017-02-21,457567.2,242981.83,700549.03,655448.0,6288.42,6670.88
2017-02-22,457567.2,254593.48,712160.68,635196.0,6326.08,6726.15
2017-02-23,457567.2,257491.98,715059.18,604516.0,6396.35,6811.14
2017-02-24,457567.2,251549.03,709116.23,641518.0,6422.91,6854.35
2017-02-25,457567.2,251548.17,709115.37,641518.0,6422.87,6854.35
2017-02-26,457567.2,250922.67,708489.87,651838.0,6440.87,6865.65
2017-02-27,457567.2,253028.89,710596.09,635130.0,6458.94,6885.16
2017-02-28,457567.2,247990.92,705558.12,630086.0,6459.18,6885.16
2017-03-01,457567.2,257637.07,715204.27,639730.0,6459.26,6885.16
2017-03-02,457567.2,258134.06,715701.26,640230.0,6459.14,6885.16
2017-03-03,457567.2,253308.37,710875.57,635400.0,6459.31,6885.16
2017-03-04,457567.2,253306.64,710873.84,635400.0,6459.25,6885.16
2017-03-05,457567.2,253306.64,710873.84,635400.0,6459.25,6885.16
2017-03-06,457567.2,262784.95,720352.15,644874.0,6459.42,6885.16
2017-03-07,457567.2,267399.38,724966.58,649488.0,6459.43,6885.16
2017-03-08,457567.2,282888.04,740455.24,687472.0,6496.01,6908.77
2017-03-09,457567.2,275865.97,733433.17,680462.0,6495.53,6908.77
2017-03-10,457567.2,280897.26,738464.46,697842.0,6513.59,6922.1
2017-03-11,457567.2,280893.82,738461.02,697842.0,6513.45,6922.1
2017-03-12,457567.2,280893.82,738461.02,697842.0,6513.45,6922.1
2017-03-13,457567.2,307077.78,764644.98,722090.0,6549.5,6946.7
2017-03-14,457567.2,309708.01,767275.21,724706.0,6550.06,6946.7
2017-03-15,457567.2,310922.87,768490.07,725920.0,6550.09,6946.7
2017-03-16,457567.2,320678.01,778245.21,725532.0,6567.01,6957.97
2017-03-17,457567.2,309175.15,766742.35,714030.0,6566.97,6957.97
2017-03-18,457567.2,309176.01,766743.21,714030.0,6567.01,6957.97
2017-03-19,457567.2,309180.32,766747.52,714030.0,6567.18,6957.97
2017-03-20,457567.2,318851.52,776418.72,723690.0,6567.62,6957.98
2017-03-21,457567.2,317298.17,774865.37,686280.0,6595.05,6995.69
2017-03-22,457567.2,311384.26,768951.46,692298.0,6613.15,7008.01
2017-03-23,457567.2,309539.71,767106.91,690450.0,6613.28,7008.01
2017-03-24,457567.2,311748.85,769316.05,692660.0,6613.25,7008.01
2017-03-25,457567.2,311745.4,769312.6,692660.0,6613.11,7008.01
2017-03-26,457567.2,311745.4,769312.6,692660.0,6613.11,7008.01
2017-03-27,457567.2,295644.57,753211.77,676554.0,6613.32,7008.01
2017-03-28,457567.2,314331.43,771898.63,695240.0,6613.35,7008.01
2017-03-29,457567.2,316025.9,773593.1,696928.0,6613.61,7008.01
2017-03-30,457567.2,301557.04,759124.24,725030.0,6710.15,7112.39
2017-03-31,457567.2,303123.63,760690.83,726594.0,6710.25,7112.39
2017-04-01,457567.2,303123.63,760690.83,726594.0,6710.25,7112.39
2017-04-02,457567.2,303122.34,760689.54,726594.0,6710.2,7112.39
2017-04-03,457567.2,317207.47,774774.67,740680.0,6710.16,7112.39
2017-04-04,457567.2,317207.47,774774.67,740680.0,6710.16,7112.39
2017-04-05,457567.2,323627.87,781195.07,747106.0,6709.94,7112.39
2017-04-06,457567.2,347661.16,805228.36,771138.0,6710.0,7112.39
2017-04-07,457567.2,353792.42,811359.62,777274.0,6709.81,7112.39
2017-04-08,457567.2,353793.72,811360.92,777274.0,6709.86,7112.39
2017-04-09,457567.2,353793.72,811360.92,777274.0,6709.86,7112.39
2017-04-10,457567.2,339592.73,797159.93,763070.0,6709.98,7112.39
2017-04-11,457567.2,343005.2,800572.4,766476.0,6710.23,7112.39
2017-04-12,457567.2,353235.63,810802.83,776706.0,6710.25,7112.39
2017-04-13,457567.2,364384.41,821951.61,787844.0,6710.67,7112.39
2017-04-14,457567.2,364379.23,821946.43,787844.0,6710.47,7112.39
2017-04-15,457567.2,364379.66,821946.86,787844.0,6710.49,7112.39
2017-04-16,457567.2,364380.1,821947.3,787844.0,6710.5,7112.39
2017-04-17,457567.2,364377.94,821945.14,787844.0,6710.42,7112.39
2017-04-18,457567.2,343045.43,800612.63,770950.0,6764.79,7163.69
2017-04-19,457567.2,338454.57,796021.77,766360.0,6764.76,7163.69
2017-04-20,457567.2,333247.59,790814.79,761150.0,6764.88,7163.69
2017-04-21,457567.2,329268.02,786835.22,757170.0,6764.89,7163.69
2017-04-22,457567.2,329267.59,786834.79,757170.0,6764.88,7163.69
2017-04-23,457567.2,329269.31,786836.51,757170.0,6764.94,7163.69
2017-04-24,457567.2,317938.32,775505.52,741710.0,6911.14,7346.86
2017-04-25,457567.2,336785.3,794352.5,760560.0,6911.02,7346.85
2017-04-26,457567.2,338189.32,795756.52,716500.0,6934.29,7432.86
2017-04-27,457567.2,329150.47,786717.67,748300.0,7025.99,7581.34
2017-04-28,457567.2,304782.85,762350.05,734160.0,7043.65,7592.61
2017-04-29,457567.2,304782.85,762350.05,734160.0,7043.65,7592.61
2017-04-30,457567.2,304784.15,762351.35,734160.0,7043.7,7592.61
2017-05-01,457567.2,304780.27,762347.47,734160.0,7043.55,7592.61
2017-05-02,457567.2,307994.92,765562.12,737360.0,7044.12,7592.62
2017-05-03,457567.2,307994.92,765562.12,737360.0,7044.12,7592.62
2017-05-04,457567.2,292692.08,750259.28,732170.0,7050.48,7603.62
2017-05-05,457567.2,283253.28,740820.48,722720.0,7050.92,7603.62
2017-05-06,457567.2,283253.71,740820.91,722720.0,7050.94,7603.62
2017-05-07,457567.2,283253.71,740820.91,722720.0,7050.94,7603.62
2017-05-08,457567.2,286474.57,744041.77,725940.0,7050.97,7603.62
2017-05-09,457567.2,317632.42,775199.62,757100.0,7050.88,7603.62
2017-05-10,457567.2,306903.2,764470.4,746360.0,7051.31,7603.62
2017-05-11,457567.2,314057.85,771625.05,753500.0,7051.88,7603.63
2017-05-12,457567.2,316996.38,774563.58,756420.0,7052.61,7603.63
2017-05-13,457567.2,316994.23,774561.43,756420.0,7052.53,7603.63
2017-05-14,457567.2,316994.66,774561.86,756420.0,7052.55,7603.63
2017-05-15,457567.2,316230.52,773797.72,755680.0,7051.6,7603.62
2017-05-16,457567.2,321770.09,779337.29,761220.0,7051.58,7603.62
2017-05-17,457567.2,315234.81,772802.01,733640.0,7088.82,7662.62
2017-05-18,457567.2,320312.4,777879.6,738740.0,7087.94,7662.62
2017-05-19,457567.2,350972.4,808539.6,769400.0,7087.94,7662.62
2017-05-20,457567.2,350978.86,808546.06,769400.0,7088.2,7662.62
2017-05-21,457567.2,350810.47,808377.67,710300.0,7135.44,7724.21
2017-05-22,457567.2,382016.5,839583.7,741500.0,7135.68,7724.21
2017-05-23,457567.2,372111.16,829678.36,731580.0,7136.26,7724.22
2017-05-24,457567.2,417505.47,875072.67,754620.0,7193.43,10052.22
2017-05-25,457567.2,417496.24,875063.44,754600.0,7193.85,10052.22
2017-05-26,457567.2,401541.85,859109.05,738640.0,7194.07,10052.22
2017-05-27,457567.2,401543.57,859110.77,738640.0,7194.14,10052.22
2017-05-28,457567.2,401543.57,859110.77,738640.0,7194.14,10052.22
2017-05-29,457567.2,456288.31,913855.51,793380.0,7194.33,10052.23
2017-05-30,457567.2,456284.0,913851.2,793380.0,7194.16,10052.22
2017-05-31,457567.2,444814.33,902381.53,913589.62,7261.39,10129.74
2017-06-01,457567.2,454869.18,912436.38,865320.0,7275.3,10129.74
2017-06-02,457567.2,472728.28,930295.48,883180.0,7275.26,10129.74
2017-06-03,457567.2,472718.8,930286.0,883180.0,7274.9,10129.73
2017-06-04,457567.2,472718.8,930286.0,883180.0,7274.9,10129.73
2017-06-05,457567.2,507534.15,965101.35,917980.0,7275.49,10129.74
2017-06-06,457567.2,511602.27,969169.47,922040.0,7275.8,10129.74
2017-06-07,457567.2,515684.53,973251.73,926120.0,7275.89,10129.74
2017-06-08,457567.2,522575.81,980143.01,933000.0,7276.32,10129.74
2017-06-09,457567.2,491638.07,949205.27,902060.0,7276.41,10129.74
2017-06-10,457567.2,491635.81,949203.01,902060.0,7276.32,10129.74
2017-06-11,457567.2,491635.81,949203.01,902060.0,7276.32,10129.74
2017-06-12,457567.2,493694.1,951261.3,901340.0,7309.75,10329.75
2017-06-13,457567.2,570526.87,1028094.07,978180.0,7309.48,10329.74
2017-06-14,457567.2,520625.97,978193.17,928280.0,7309.44,10329.74
2017-06-15,457567.2,519443.0,977010.2,850340.0,7371.62,10408.83
2017-06-16,457567.2,488958.93,946526.13,819860.0,7371.46,10408.82
2017-06-17,457567.2,488958.48,946525.68,819860.0,7371.45,10408.82
2017-06-18,457567.2,488958.48,946525.68,819860.0,7371.45,10408.82
2017-06-19,457567.2,515994.68,973561.88,928060.0,7436.19,10493.01
2017-06-20,457567.2,520636.48,978203.68,932700.0,7436.26,10493.01
2017-06-21,457567.2,520235.58,977802.78,932300.0,7436.23,10493.01
2017-06-22,457567.2,506114.32,963681.52,918160.0,7457.86,10635.01
2017-06-23,457567.2,512537.48,970104.68,924580.0,7457.98,10635.01
2017-06-24,457567.2,512537.48,970104.68,924580.0,7457.98,10635.01
2017-06-25,457567.2,512537.48,970104.68,924580.0,7457.98,10635.01
2017-06-26,457567.2,551337.91,1008905.11,884320.0,7551.69,10717.11
2017-06-27,457567.2,549261.97,1006829.17,882240.0,7551.85,10717.11
2017-06-28,457567.2,536799.13,994366.33,869760.0,7552.51,10717.12
2017-06-29,457567.2,576240.93,1033808.13,909200.0,7552.57,10717.12
2017-06-30,457567.2,615751.76,1073318.96,948700.0,7552.99,10717.12
2017-07-01,457567.2,615756.28,1073323.48,948700.0,7553.16,10717.12
2017-07-02,457567.2,614262.28,1071829.48,1026100.0,7616.16,10798.25
2017-07-03,457567.2,654568.53,1112135.73,1066390.0,7616.79,10798.25
2017-07-04,457567.2,615783.63,1073350.83,1027620.0,7616.22,10798.25
2017-07-05,457567.2,604025.44,1061592.64,1015860.0,7616.29,10798.25
2017-07-06,457567.2,609643.04,1067210.24,1021460.0,7616.96,10798.26
2017-07-07,457567.2,552618.53,1010185.73,964440.0,7616.79,10798.25
2017-07-08,457567.2,552622.14,1010189.34,964440.0,7616.93,10798.25
2017-07-09,457567.2,552619.43,1010186.63,964440.0,7616.82,10798.25
2017-07-10,457567.2,554226.65,1011793.85,966040.0,7617.1,10798.26
2017-07-11,457567.2,665185.3,1122752.5,1077000.0,7617.05,10798.26
2017-07-12,457567.2,661159.43,1118726.63,1072980.0,7616.82,10798.25
2017-07-13,457567.2,653929.95,1111497.15,1065760.0,7616.46,10798.25
2017-07-14,457567.2,667862.28,1125429.48,1079700.0,7616.16,10798.25
2017-07-15,457567.2,667846.48,1125413.68,1079700.0,7615.56,10798.25
2017-07-16,457567.2,667846.48,1125413.68,1079700.0,7615.56,10798.25
2017-07-17,457567.2,677716.01,1135283.21,919380.0,7650.63,10972.25
2017-07-18,457567.2,625784.33,1083351.53,1003410.0,7683.24,11109.25
2017-07-19,457567.2,681415.62,1138982.82,1024770.0,7691.94,11144.25
2017-07-20,457567.2,780020.13,1237587.33,1123370.0,7692.12,11144.25
2017-07-21,457567.2,781849.23,1239416.43,1125200.0,7692.08,11144.25
2017-07-22,457567.2,781851.94,1239419.14,1125200.0,7692.19,11144.25
2017-07-23,457567.2,781851.94,1239419.14,1125200.0,7692.19,11144.25
2017-07-24,457567.2,795459.3,1253026.5,1138820.0,7691.7,11144.25
2017-07-25,457567.2,734174.72,1191741.92,1077530.0,7691.91,11144.25
2017-07-26,457567.2,766041.42,1223608.62,1109380.0,7692.55,11144.25
2017-07-27,457567.2,826360.58,1283927.78,1169710.0,7692.13,11144.25
2017-07-28,457567.2,802922.39,1260489.59,1146270.0,7692.2,11144.25
2017-07-29,457567.2,802923.74,1260490.94,1146270.0,7692.25,11144.25
2017-07-30,457567.2,802923.74,1260490.94,1146270.0,7692.25,11144.25
2017-07-31,457567.2,824358.45,1281925.65,1206840.0,7700.88,11184.25
2017-08-01,457567.2,805239.27,1262806.47,982590.0,7865.54,11395.8
2017-08-02,457567.2,779068.68,1236635.88,956400.0,7866.28,11395.81
2017-08-03,457567.2,759753.19,1217320.39,937080.0,7866.46,11395.81
2017-08-04,457567.2,771707.62,1229274.82,989480.0,7875.34,11436.81
2017-08-05,457567.2,771708.52,1229275.72,989480.0,7875.38,11436.81
2017-08-06,457567.2,771708.52,1229275.72,989480.0,7875.38,11436.81
2017-08-07,457567.2,771783.86,1229351.06,989540.0,7875.97,11436.82
2017-08-08,457567.2,810717.48,1268284.68,1028470.0,7876.11,11436.82
2017-08-09,457567.2,814242.95,1271810.15,960318.0,7971.0,11561.05
2017-08-10,457567.2,802140.19,1259707.39,969300.0,7994.67,11583.51
2017-08-11,457567.2,763611.02,1221178.22,930760.0,7995.09,11583.52
2017-08-12,457567.2,763613.28,1221180.48,930760.0,7995.17,11583.52
2017-08-13,457567.2,763613.28,1221180.48,930760.0,7995.17,11583.52
2017-08-14,457567.2,786401.4,1243968.6,953540.0,7995.49,11583.52
2017-08-15,457567.2,772242.69,1229809.89,939370.0,7995.92,11583.52
2017-08-16,457567.2,774944.11,1232511.31,942080.0,7995.59,11583.52
2017-08-17,457567.2,778633.63,1236200.83,963880.0,8013.76,11603.01
2017-08-18,457567.2,754646.63,1212213.83,974560.0,8041.44,11638.94
2017-08-19,457567.2,754649.33,1212216.53,974560.0,8041.55,11638.95
2017-08-20,457567.2,754650.24,1212217.44,974560.0,8041.58,11638.95
2017-08-21,457567.2,798892.49,1256459.69,1018800.0,8041.67,11638.95
2017-08-22,457567.2,821932.49,1279499.69,1041840.0,8041.67,11638.95
2017-08-23,457567.2,821937.91,1279505.11,1041840.0,8041.88,11638.95
2017-08-24,457567.2,838929.78,1296496.98,1058840.0,8041.57,11638.95
2017-08-25,457567.2,827143.23,1284710.43,929410.0,8093.35,11760.93
2017-08-26,457567.2,827132.84,1284700.04,929410.0,8092.95,11760.93
2017-08-27,457567.2,827128.78,1284695.98,929410.0,8092.8,11760.93
2017-08-28,457567.2,833200.9,1290768.1,935460.0,8093.65,11760.94
2017-08-29,457567.2,844970.12,1302537.32,1021860.0,8110.66,11835.94
2017-08-30,457567.2,913775.85,1371343.05,1052660.0,8119.22,11874.94
2017-08-31,457567.2,935979.46,1393546.66,1119185.0,8128.2,11919.94
2017-09-01,457567.2,916381.78,1373948.98,1099595.0,8127.9,11919.94
2017-09-02,457567.2,916380.43,1373947.63,1099595.0,8127.85,11919.94
2017-09-03,457567.2,916380.43,1373947.63,1099595.0,8127.85,11919.94
2017-09-04,457567.2,931267.2,1388834.4,1114475.0,8128.11,11919.94
2017-09-05,457567.2,988501.75,1446068.95,1245180.0,8186.83,11996.92
2017-09-06,457567.2,1006453.11,1464020.31,1263130.0,8186.88,11996.92
2017-09-07,457567.2,995999.85,1453567.05,1252730.0,8184.84,11996.91
2017-09-08,457567.2,1001727.73,1459294.93,1258480.0,8183.99,11996.9
2017-09-09,457567.2,1001743.98,1459311.18,1258480.0,8184.61,11996.9
2017-09-10,457567.2,1001743.98,1459311.18,1258480.0,8184.61,11996.9
2017-09-11,457567.2,1053822.17,1511389.37,1310560.0,8184.54,11996.9
2017-09-12,457567.2,1083596.31,1541163.51,1340340.0,8184.32,11996.9
2017-09-13,457567.2,1118183.08,1575750.28,1374920.0,8184.58,11996.9
2017-09-14,457567.2,1143860.43,1601427.63,1331280.0,8195.35,12066.9
2017-09-15,457567.2,1254489.56,1712056.76,1630026.05,8226.96,12136.91
2017-09-16,457567.2,1254488.46,1712055.66,1630021.74,8226.91,12136.91
2017-09-17,457567.2,1254489.2,1712056.4,1630024.62,8226.95,12136.91
2017-09-18,457567.2,1288065.81,1745633.01,1583920.0,8272.81,12172.84
2017-09-19,457567.2,1385447.29,1843014.49,1804629.72,8308.35,12232.83
2017-09-20,457567.2,1350467.06,1808034.26,1780889.34,8325.15,12245.12
2017-09-21,457567.2,1324320.51,1781887.71,1633090.0,8337.27,12245.13
2017-09-22,457567.2,1277428.51,1734995.71,1566200.0,8408.77,12339.52
2017-09-23,457567.2,1277429.6,1734996.8,1566200.0,8408.83,12339.52
2017-09-24,457567.2,1277928.96,1735496.16,1600250.0,8435.84,12374.43
2017-09-25,457567.2,1179167.42,1636734.62,1521940.0,8454.51,12395.99
2017-09-26,457567.2,1168852.33,1626419.53,1511630.0,8454.26,12395.98
2017-09-27,457567.2,1283886.05,1741453.25,1626675.0,8453.7,12395.98
2017-09-28,457567.2,1240694.69,1698261.89,1583480.0,8453.88,12395.98
2017-09-29,457567.2,1300628.33,1758195.53,1643410.0,8454.06,12395.98
2017-09-30,457567.2,1300621.05,1758188.25,1643410.0,8453.7,12395.98
2017-10-01,457567.2,1300628.33,1758195.53,1643410.0,8454.06,12395.98
2017-10-02,457567.2,1300622.51,1758189.71,1643410.0,8453.77,12395.98
2017-10-03,457567.2,1363575.42,1821142.62,1706360.0,8453.92,12395.98
2017-10-04,457567.2,1450674.51,1908241.71,1793470.0,8453.37,12395.98
2017-10-05,457567.2,1450675.24,1908242.44,1793470.0,8453.41,12395.98
2017-10-06,457567.2,1479782.96,1937350.16,1822585.0,8453.05,12395.98
2017-10-07,457567.2,1479782.24,1937349.44,1822585.0,8453.01,12395.98
2017-10-08,457567.2,1479782.24,1937349.44,1822585.0,8453.01,12395.98
2017-10-09,457567.2,1408793.24,1866360.44,1750510.0,8509.87,12523.3
2017-10-10,457567.2,1453969.6,1911536.8,1795690.0,8509.69,12523.3
2017-10-11,457567.2,1371655.43,1829222.63,1340290.0,8557.49,12897.31
2017-10-12,457567.2,1418963.36,1876530.56,1466560.0,8674.69,13144.1
2017-10-13,457567.2,1400588.36,1858155.56,1482050.0,8704.8,13180.1
2017-10-14,457567.2,1400582.54,1858149.74,1482050.0,8704.51,13180.1
2017-10-15,457567.2,1400637.54,1858204.74,1505550.0,8723.23,13204.74
2017-10-16,457567.2,1389667.27,1847234.47,1477440.0,8783.96,13633.74
2017-10-17,457567.2,1380379.88,1837947.08,1282240.0,8933.14,13825.77
2017-10-18,457567.2,1419260.65,1876827.85,1401175.0,8997.03,13908.92
2017-10-19,457567.2,1374459.58,1832026.78,1519820.0,9233.49,14232.69
2017-10-20,457567.2,1419656.12,1877223.32,1565010.0,9233.82,14232.69
2017-10-21,457567.2,1419656.49,1877223.69,1565010.0,9233.84,14232.69
2017-10-22,457567.2,1419661.94,1877229.14,1565010.0,9234.11,14232.7
2017-10-23,457567.2,1435362.18,1892929.38,1581210.0,9293.18,14432.7
2017-10-24,457567.2,1441765.82,1899333.02,1587610.0,9293.36,14432.7
2017-10-25,457567.2,1478915.09,1936482.29,1624760.0,9293.32,14432.7
2017-10-26,457567.2,1471337.82,1928905.02,1617190.0,9292.96,14432.69
2017-10-27,457567.2,1451825.09,1909392.29,1597670.0,9293.32,14432.7
2017-10-28,457567.2,1451824.73,1909391.93,1597670.0,9293.3,14432.7
2017-10-29,457567.2,1451825.82,1909393.02,1597670.0,9293.36,14432.7
2017-10-30,457567.2,1446680.55,1904247.75,1640120.0,9330.6,14482.97
2017-10-31,457567.2,1465657.82,1923225.02,1659090.0,9330.96,14482.98
2017-11-01,457567.2,1436823.09,1894390.29,1630260.0,9330.72,14482.97
2017-11-02,457567.2,1428902.18,1886469.38,1622330.0,9331.18,14482.98
2017-11-03,457567.2,1417257.56,1874824.76,1595470.0,9346.78,14544.98
2017-11-04,457567.2,1417257.56,1874824.76,1595470.0,9346.78,14544.98
2017-11-05,457567.2,1417257.56,1874824.76,1595470.0,9346.78,14544.98
2017-11-06,457567.2,1379234.74,1836801.94,1579110.0,9354.05,14566.98
2017-11-07,457567.2,1411869.83,1869437.03,1611740.0,9354.3,14566.98
2017-11-08,457567.2,1413309.29,1870876.49,1711310.0,9393.32,14666.97
2017-11-09,457567.2,1451233.11,1908800.31,1749220.0,9394.01,14666.97
2017-11-10,457567.2,1451554.02,1909121.22,1749530.0,9394.55,14666.98
2017-11-11,457567.2,1451547.84,1909115.04,1749530.0,9394.24,14666.98
2017-11-12,457567.2,1451547.84,1909115.04,1749530.0,9394.24,14666.98
2017-11-13,457567.2,1441515.28,1899082.48,1694680.0,9430.18,14713.98
2017-11-14,457567.2,1416656.46,1874223.66,1845970.0,9498.61,14892.8
2017-11-15,457567.2,1405047.73,1862614.93,1834350.0,9499.17,14892.81
2017-11-16,457567.2,1431267.55,1888834.75,1860560.0,9499.65,14892.81
2017-11-17,457567.2,1414806.14,1872373.34,1707770.0,9577.69,15033.81
2017-11-18,457567.2,1414801.41,1872368.61,1707770.0,9577.46,15033.81
2017-11-19,457567.2,1414801.78,1872368.98,1707770.0,9577.48,15033.81
2017-11-20,457567.2,1399046.54,1856613.74,1546120.0,9637.29,15183.81
2017-11-21,457567.2,1461745.09,1919312.29,1608820.0,9637.22,15183.81
2017-11-22,457567.2,1483779.31,1941346.51,1654450.0,9644.58,15207.81
2017-11-23,457567.2,1449258.59,1906825.79,1619930.0,9644.54,15207.81
2017-11-24,457567.2,1469160.59,1926727.79,1639840.0,9644.15,15207.81
2017-11-25,457567.2,1469157.68,1926724.88,1639840.0,9644.0,15207.81
2017-11-26,457567.2,1468833.6,1926400.8,1562340.0,9698.08,15277.81
2017-11-27,457567.2,1431045.01,1888612.21,1429900.0,9740.19,15417.8
2017-11-28,457567.2,1443773.26,1901340.46,1515138.26,9771.58,15417.8
2017-11-29,457567.2,1450925.69,1908492.89,1522328.03,9772.8,15417.81
2017-11-30,457567.2,1391113.26,1848680.46,1485621.83,9780.27,15440.81
2017-12-01,457567.2,1381571.55,1839138.75,1476092.0,9780.66,15440.81
2017-12-02,457567.2,1381573.54,1839140.74,1476097.95,9780.79,15440.81
2017-12-03,457567.2,1381573.82,1839141.02,1476098.8,9780.81,15440.81
2017-12-04,457567.2,1403175.61,1860742.81,1642825.86,9908.65,15486.82
2017-12-05,457567.2,1395496.04,1853063.24,1635092.52,9908.07,15486.82
2017-12-06,457567.2,1332739.89,1790307.09,1514657.61,10007.59,15719.81
2017-12-07,457567.2,1316683.93,1774251.13,1536596.04,10020.92,15758.81
2017-12-08,457567.2,1367243.63,1824810.83,1587068.6,10019.99,15758.81
2017-12-09,457567.2,1367243.16,1824810.36,1587062.57,10019.93,15758.8
2017-12-10,457567.2,1367243.16,1824810.36,1587062.57,10019.93,15758.8
2017-12-11,457567.2,1385385.43,1842952.63,1605227.09,10020.17,15758.81
2017-12-12,457567.2,1368366.27,1825933.47,1588220.91,10020.31,15758.81
2017-12-13,457567.2,1402909.58,1860476.78,1469300.0,10181.93,15758.81
2017-12-14,457567.2,1420832.26,1878399.46,1487220.0,10182.46,15758.81
2017-12-15,457567.2,1369149.09,1826716.29,1435530.0,10183.8,15758.81
2017-12-16,457567.2,1369145.84,1826713.04,1435530.0,10183.16,15758.81
2017-12-17,457567.2,1369145.84,1826713.04,1435530.0,10183.16,15758.81
2017-12-18,457567.2,1356499.15,1814066.35,1388520.0,10192.62,15793.82
2017-12-19,457567.2,1352839.8,1810407.0,1221050.0,10218.84,15958.82
2017-12-20,457567.2,1332764.59,1790331.79,1094150.0,10355.14,16148.83
2017-12-21,457567.2,1349909.89,1807477.09,1111300.0,10354.22,16148.82
2017-12-22,457567.2,1364394.41,1821961.61,1125790.0,10353.14,16148.82
2017-12-23,457567.2,1364395.64,1821962.84,1125790.0,10353.38,16148.82
2017-12-24,457567.2,1364395.64,1821962.84,1125790.0,10353.38,16148.82
2017-12-25,457567.2,1364397.66,1821964.86,1125790.0,10353.78,16148.82
2017-12-26,457567.2,1364395.87,1821963.07,1125790.0,10353.43,16148.82
2017-12-27,457567.2,1389832.29,1847399.49,1151230.0,10352.72,16148.81
2017-12-28,457567.2,1407736.31,1865303.51,1169130.0,10353.52,16148.82
2017-12-29,100567.2,1413425.31,1513992.51,1174820.0,10353.32,16148.82
2017-12-30,100567.2,1413425.31,1513992.51,1174820.0,10353.32,16148.82
2017-12-31,100567.2,1413425.31,1513992.51,1174820.0,10353.32,16148.82
2018-01-01,100567.2,1413423.18,1513990.38,1174820.0,10352.9,16148.81
2018-01-02,100567.2,1483445.64,1584012.84,1244840.0,10353.38,16148.82
2018-01-03,100567.2,1503687.32,1604254.52,1265080.0,10353.71,16148.82
2018-01-04,100567.2,1515928.44,1616495.64,1277320.0,10353.93,16148.82
2018-01-05,100567.2,1532020.12,1632587.32,1293410.0,10354.26,16148.82
2018-01-06,100567.2,1532020.12,1632587.32,1293410.0,10354.26,16148.82
2018-01-07,100567.2,1532018.78,1632585.98,1293410.0,10354.0,16148.82
2018-01-08,100567.2,1552158.78,1652725.98,1564440.0,10389.8,16400.82
2018-01-09,100567.2,1544333.09,1644900.29,1620000.0,10435.9,16565.82
2018-01-10,100567.2,1548486.33,1649053.53,1536370.0,10464.86,16654.82
2018-01-11,100567.2,1525310.45,1625877.65,1598050.0,10584.89,16744.83
2018-01-12,100567.2,1551740.34,1652307.54,1624480.0,10584.87,16744.83
2018-01-13,100567.2,1551740.34,1652307.54,1624480.0,10584.87,16744.83
2018-01-14,100567.2,1551738.77,1652305.97,1624480.0,10584.56,16744.82
2018-01-15,100567.2,1526190.68,1626757.88,1598930.0,10584.93,16744.83
2018-01-16,100567.2,1568353.57,1668920.77,1519730.0,10600.44,16866.83
2018-01-17,100567.2,1594167.08,1694734.28,1545550.0,10599.17,16866.82
2018-01-18,100567.2,1560486.74,1661053.94,1511870.0,10599.1,16866.82
