Date,Fund,Earning,Market,Value,Commission,Tax
2015-12-31,223067.2,80460.04,154416.11,303527.24,2637.37,2089.18
2016-01-01,457567.2,80460.59,154419.5,538027.79,2637.42,2089.18
2016-01-02,457567.2,80460.59,154419.5,538027.79,2637.42,2089.18
2016-01-03,457567.2,80460.59,154419.5,538027.79,2637.42,2089.18
2016-01-04,457567.2,73200.68,237308.85,530767.88,2671.21,2116.18
2016-01-05,457567.2,75215.98,226899.73,532783.18,2685.65,2127.18
2016-01-06,457567.2,76766.25,236518.38,534333.45,2691.84,2136.18
2016-01-07,457567.2,63916.99,259943.28,521484.19,2716.48,2173.18
2016-01-08,457567.2,64581.82,276754.63,522149.02,2723.34,2190.18
2016-01-09,457567.2,64588.64,276875.4,522155.84,2724.42,2190.18
2016-01-10,457567.2,65080.82,297886.41,522648.02,2760.61,2211.73
2016-01-11,457567.2,54984.93,331726.07,512552.13,2792.96,2244.15
2016-01-12,457567.2,56759.02,350975.31,514326.22,2799.1,2262.15
2016-01-13,457567.2,53136.23,334072.83,510703.43,2861.79,2262.15
2016-01-14,457567.2,55830.55,331182.17,513397.75,2873.62,2278.15
2016-01-15,457567.2,45786.12,321457.19,503353.32,2876.91,2278.15
2016-01-16,457567.2,45780.77,321587.5,503347.97,2878.31,2278.15
2016-01-17,457567.2,45782.52,321544.86,503349.72,2877.85,2278.15
2016-01-18,457567.2,43082.52,318844.86,500649.72,2877.85,2278.15
2016-01-19,457567.2,47973.9,327093.58,505541.1,2884.47,2282.15
2016-01-20,457567.2,39611.41,350961.19,497178.61,2902.53,2282.15
2016-01-21,457567.2,36466.07,347955.47,494033.27,2903.63,2282.15
2016-01-22,457567.2,44433.35,355722.35,502000.55,2902.05,2282.15
2016-01-23,457567.2,44430.43,355307.14,501997.63,2898.81,2282.15
2016-01-24,457567.2,44431.46,355452.71,501998.66,2899.95,2282.15
2016-01-25,457567.2,44002.76,329763.19,501569.96,2908.2,2282.15
2016-01-26,457567.2,39721.54,351400.91,497288.74,2942.77,2309.85
2016-01-27,457567.2,35982.31,347740.81,493549.51,2943.55,2309.85
2016-01-28,457567.2,34024.46,325520.52,491591.66,3077.24,2309.85
2016-01-29,457567.2,42964.82,334450.3,500532.02,3077.09,2309.85
2016-01-30,457567.2,42966.37,334403.15,500533.57,3076.41,2309.85
2016-01-31,457567.2,42969.14,334319.1,500536.34,3075.2,2309.85
2016-02-01,457567.2,41983.48,333333.44,499550.68,3075.2,2309.85
2016-02-02,457567.2,36750.75,323203.68,494317.95,3098.1,2332.85
2016-02-03,457567.2,30154.69,316784.42,487721.89,3100.57,2332.85
2016-02-04,457567.2,38687.61,325370.27,496254.81,3101.3,2332.85
2016-02-05,457567.2,36078.88,322646.15,493646.08,3099.7,2332.85
2016-02-06,457567.2,36070.54,322721.45,493637.74,3100.86,2332.85
2016-02-07,457567.2,36075.29,322678.56,493642.49,3100.2,2332.85
2016-02-08,457567.2,32624.59,319227.86,490191.79,3100.2,2332.85
2016-02-09,457567.2,31787.11,318416.85,489354.31,3100.57,2332.85
2016-02-10,457567.2,30951.93,317638.83,488519.13,3101.36,2332.85
2016-02-11,457567.2,19536.34,319898.66,477103.54,3107.02,2346.85
2016-02-12,457567.2,17084.73,350847.7,474651.93,3142.22,2385.85
2016-02-13,457567.2,17089.36,350815.15,474656.56,3141.8,2385.85
2016-02-14,457567.2,17089.36,350815.15,474656.56,3141.8,2385.85
2016-02-15,457567.2,28019.36,361745.15,485586.56,3141.8,2385.85
2016-02-16,457567.2,40786.13,374450.85,498353.33,3141.11,2385.85
2016-02-17,457567.2,39808.71,373545.12,497375.91,3141.92,2385.85
2016-02-18,457567.2,46581.93,380258.6,504149.13,3141.25,2385.85
2016-02-19,457567.2,46128.06,386658.99,503695.26,3148.07,2385.85
2016-02-20,457567.2,46130.4,386580.56,503697.6,3147.21,2385.85
2016-02-21,457567.2,46130.28,386584.69,503697.48,3147.26,2385.85
2016-02-22,457567.2,53607.23,383925.43,511174.43,3159.04,2397.85
2016-02-23,457567.2,53455.54,385382.91,511022.74,3164.36,2399.85
2016-02-24,457567.2,57891.28,367261.64,515458.48,3178.63,2413.85
2016-02-25,457567.2,54558.09,353224.08,512125.29,3192.69,2418.85
2016-02-26,457567.2,64262.97,362925.65,521830.17,3192.65,2418.85
2016-02-27,457567.2,64266.74,362952.6,521833.94,3192.97,2418.85
2016-02-28,457567.2,64270.87,362982.12,521838.07,3193.32,2418.85
2016-02-29,457567.2,59949.39,368016.18,517516.59,3199.54,2437.79
2016-03-01,457567.2,64058.23,375444.24,521625.43,3222.8,2451.79
2016-03-02,457567.2,76039.73,387369.49,533606.93,3222.03,2451.79
2016-03-03,457567.2,77967.89,389331.84,535535.09,3222.5,2451.79
2016-03-04,457567.2,82403.86,393730.31,539971.06,3221.98,2451.79
2016-03-05,457567.2,82389.16,393640.6,539956.36,3220.94,2451.78
2016-03-06,457567.2,82387.0,393627.41,539954.2,3220.79,2451.78
2016-03-07,457567.2,86083.36,397323.78,543650.56,3220.79,2451.78
2016-03-08,457567.2,77948.08,389201.93,535515.28,3234.34,2483.78
2016-03-09,457567.2,76096.67,375467.54,533663.87,3241.29,2495.78
2016-03-10,457567.2,73076.61,372640.31,530643.81,3259.79,2495.78
2016-03-11,457567.2,76180.46,375728.72,533747.66,3259.58,2495.78
2016-03-12,457567.2,76166.73,375648.8,533733.93,3258.67,2495.77
2016-03-13,457567.2,76169.93,375667.45,533737.13,3258.88,2495.77
2016-03-14,457567.2,81850.59,381348.11,539417.79,3258.88,2495.77
2016-03-15,457567.2,75365.16,374861.57,532932.36,3258.86,2495.77
2016-03-16,457567.2,77033.51,386801.37,534600.71,3265.37,2495.77
2016-03-17,457567.2,81379.46,391174.89,538946.66,3265.75,2495.78
2016-03-18,457567.2,86593.33,396306.03,544160.53,3264.6,2495.77
2016-03-19,457567.2,86591.56,396294.34,544158.76,3264.47,2495.77
2016-03-20,457567.2,86594.7,396315.12,544161.9,3264.71,2495.77
2016-03-21,457567.2,91614.24,401334.67,549181.44,3264.71,2495.77
2016-03-22,457567.2,87131.07,396831.65,544698.27,3264.44,2495.77
2016-03-23,457567.2,85390.02,395077.36,542957.22,3264.25,2495.77
2016-03-24,457567.2,82713.29,392426.0,540280.49,3264.6,2495.77
2016-03-25,457567.2,82719.88,392474.5,540287.08,3265.18,2495.77
2016-03-26,457567.2,82717.28,392455.35,540284.48,3264.96,2495.77
2016-03-27,457567.2,82718.49,392464.29,540285.69,3265.06,2495.77
2016-03-28,457567.2,79692.6,389438.4,537259.8,3265.06,2495.77
2016-03-29,457567.2,80810.64,390542.1,538377.84,3264.86,2495.77
2016-03-30,457567.2,85958.58,362783.57,543525.78,3291.12,2530.66
2016-03-31,457567.2,89684.44,341205.37,547251.64,3355.16,2659.66
2016-04-01,457567.2,83536.98,324566.8,541104.18,3361.85,2659.66
2016-04-02,457567.2,83535.21,324554.0,541102.41,3361.7,2659.66
2016-04-03,457567.2,83533.97,324545.04,541101.17,3361.59,2659.66
2016-04-04,457567.2,86713.24,327724.3,544280.44,3361.59,2659.66
2016-04-05,457567.2,82868.63,323875.29,540435.83,3361.53,2659.66
2016-04-06,457567.2,89922.92,317904.83,547490.12,3380.95,2694.66
2016-04-07,457567.2,80857.62,292336.08,538424.82,3398.97,2712.11
2016-04-08,457567.2,81768.57,293269.08,539335.77,3399.27,2712.11
2016-04-09,457567.2,81767.07,293260.97,539334.27,3399.18,2712.11
2016-04-10,457567.2,81768.82,293270.44,539336.02,3399.29,2712.11
2016-04-11,457567.2,90982.04,292936.16,548549.24,3451.79,2712.11
2016-04-12,457567.2,89907.74,291819.94,547474.94,3451.21,2712.1
2016-04-13,457567.2,96953.43,311491.16,554520.63,3457.76,2725.11
2016-04-14,457567.2,97988.43,312160.88,555555.63,3489.44,2725.11
2016-04-15,457567.2,99443.65,313621.61,557010.85,3489.52,2725.11
2016-04-16,457567.2,99436.14,313588.74,557003.34,3489.16,2725.1
2016-04-17,457567.2,99439.41,313603.04,557006.61,3489.32,2725.11
2016-04-18,457567.2,97406.62,320543.7,554973.82,3502.92,2760.11
2016-04-19,457567.2,100382.39,343138.95,557949.59,3509.85,2780.11
2016-04-20,457567.2,103759.72,364460.97,561326.92,3516.69,2798.11
2016-04-21,457567.2,105906.55,394923.65,563473.75,3530.05,2827.11
2016-04-22,457567.2,104680.37,371681.19,562247.57,3538.49,2827.11
2016-04-23,457567.2,104680.37,371681.19,562247.57,3538.49,2827.11
2016-04-24,457567.2,104678.07,371673.98,562245.27,3538.4,2827.11
2016-04-25,457567.2,103388.39,361805.96,560955.59,3550.06,2837.11
2016-04-26,457567.2,100377.61,337703.08,557944.81,3562.39,2859.11
2016-04-27,457567.2,99473.74,336796.76,557040.94,3562.35,2859.11
2016-04-28,457567.2,97970.74,335299.49,555537.94,3562.46,2859.11
2016-04-29,457567.2,98630.91,335966.21,556198.11,3562.58,2859.11
2016-04-30,457567.2,98631.67,335968.62,556198.87,3562.61,2859.11
2016-05-01,457567.2,98630.52,335965.01,556197.72,3562.56,2859.11
2016-05-02,457567.2,97994.44,335328.93,555561.64,3562.56,2859.11
2016-05-03,457567.2,94686.61,332044.02,552253.81,3562.99,2859.11
2016-05-04,457567.2,90264.41,327648.03,547831.61,3563.49,2859.11
2016-05-05,457567.2,85941.28,343031.79,543508.48,3587.46,2880.39
2016-05-06,457567.2,80947.38,369875.63,538514.58,3606.52,2914.39
2016-05-07,457567.2,80940.6,369849.2,538507.8,3606.15,2914.39
2016-05-08,457567.2,80736.56,386424.62,538303.76,3624.36,2931.84
2016-05-09,457567.2,75489.28,373751.41,533056.48,3630.43,2939.84
2016-05-10,457567.2,77479.84,375764.9,535047.04,3630.86,2939.85
2016-05-11,457567.2,79424.42,387220.74,536991.62,3636.83,2949.84
2016-05-12,457567.2,74274.26,349978.79,531841.46,3657.32,2973.84
2016-05-13,457567.2,72689.65,357123.63,530256.85,3663.34,2982.84
2016-05-14,457567.2,72704.4,357169.45,530271.6,3664.02,2982.85
2016-05-15,457567.2,72704.73,357170.49,530271.93,3664.04,2982.85
2016-05-16,457567.2,77702.01,329683.46,535269.21,3672.51,2982.85
2016-05-17,457567.2,82827.83,362089.71,540395.03,3703.51,2982.85
2016-05-18,457567.2,87029.09,366283.94,544596.29,3703.34,2982.84
2016-05-19,457567.2,81953.64,350014.14,539520.84,3734.05,3024.85
2016-05-20,457567.2,84759.65,364102.44,542326.85,3741.02,3036.85
2016-05-21,457567.2,84760.08,364103.52,542327.28,3741.03,3036.85
2016-05-22,457567.2,84753.09,364086.3,542320.29,3740.78,3036.85
2016-05-23,457567.2,88840.59,365752.57,546407.79,3782.78,3103.62
2016-05-24,457567.2,92162.54,369078.35,549729.74,3782.87,3103.62
2016-05-25,457567.2,97041.79,373948.68,554608.99,3814.61,3103.62
2016-05-26,457567.2,97628.25,374519.8,555195.45,3814.23,3103.62
2016-05-27,457567.2,106247.74,382978.88,563814.94,3845.68,3103.62
2016-05-28,457567.2,106250.0,382983.7,563817.2,3845.74,3103.62
2016-05-29,457567.2,106250.57,382984.9,563817.77,3845.76,3103.62
2016-05-30,457567.2,104697.3,393229.9,562264.5,3899.76,3161.09
2016-05-31,457567.2,108248.02,374387.36,565815.22,3940.31,3183.09
2016-06-01,457567.2,101677.46,322297.65,559244.66,3975.54,3202.09
2016-06-02,457567.2,102373.66,322996.13,559940.86,3975.67,3202.09
2016-06-03,457567.2,98816.08,319439.42,556383.28,3975.72,3202.09
2016-06-04,457567.2,98803.02,319417.24,556370.22,3975.19,3202.09
2016-06-05,457567.2,98803.84,319418.63,556371.04,3975.23,3202.09
2016-06-06,457567.2,106428.05,281695.0,563995.25,4074.51,3466.32
2016-06-07,457567.2,112561.82,311035.0,570129.02,4092.97,3490.94
2016-06-08,457567.2,109957.24,348610.0,567524.44,4117.96,3531.94
2016-06-09,457567.2,109929.66,348610.0,567496.86,4116.87,3531.94
2016-06-10,457567.2,101229.6,339395.0,558796.8,4116.94,3588.96
2016-06-11,457567.2,101239.94,339395.0,558807.14,4117.34,3588.96
2016-06-12,457567.2,101476.06,351215.0,559043.26,4135.19,3601.27
2016-06-13,457567.2,92646.06,342385.0,550213.26,4135.19,3601.27
2016-06-14,457567.2,92199.63,420930.0,549766.83,4217.86,3685.4
2016-06-15,457567.2,98458.6,427195.0,556025.8,4217.63,3685.4
2016-06-16,457567.2,88824.88,431150.0,546392.08,4235.56,3699.76
2016-06-17,457567.2,95364.63,417020.0,552931.83,4242.57,3720.76
2016-06-18,457567.2,95370.23,417020.0,552937.43,4242.79,3720.76
2016-06-19,457567.2,95365.06,417020.0,552932.26,4242.59,3720.76
2016-06-20,457567.2,101135.47,441650.0,558702.67,4294.11,3829.83
2016-06-21,457567.2,107227.62,447740.0,564794.82,4294.19,3829.83
2016-06-22,457567.2,113555.87,484245.0,571123.07,4367.65,4123.26
2016-06-23,457567.2,113310.79,515925.0,570877.99,4457.55,4197.13
2016-06-24,457567.2,102190.56,492540.0,559757.76,4475.4,4210.46
2016-06-25,457567.2,102194.44,492540.0,559761.64,4475.55,4210.46
2016-06-26,457567.2,102207.8,492540.0,559775.0,4476.08,4210.46
2016-06-27,457567.2,102367.8,492700.0,559935.0,4476.08,4210.46
2016-06-28,457567.2,102429.8,492765.0,559997.0,4475.96,4210.46
2016-06-29,457567.2,107562.9,497905.0,565130.1,4475.69,4210.46
2016-06-30,457567.2,117456.16,507800.0,575023.36,4475.62,4210.46
2016-07-01,457567.2,117457.46,507800.0,575024.66,4475.67,4210.46
2016-07-02,457567.2,117454.01,507800.0,575021.21,4475.53,4210.46
2016-07-03,457567.2,117455.3,507800.0,575022.5,4475.59,4210.46
2016-07-04,457567.2,125580.31,515925.0,583147.51,4475.59,4210.46
2016-07-05,457567.2,117812.23,515025.0,575379.43,4526.55,4544.92
2016-07-06,457567.2,113883.1,511095.0,571450.3,4526.59,4544.92
2016-07-07,457567.2,117348.53,514560.0,574915.73,4526.6,4544.92
2016-07-08,457567.2,117839.39,515050.0,575406.59,4526.64,4544.92
2016-07-09,457567.2,117835.94,515050.0,575403.14,4526.5,4544.92
2016-07-10,457567.2,117835.08,515050.0,575402.28,4526.47,4544.92
2016-07-11,457567.2,128629.58,537850.0,586196.78,4544.47,4557.24
2016-07-12,457567.2,134569.16,543790.0,592136.36,4544.45,4557.24
2016-07-13,457567.2,135562.17,544780.0,593129.37,4544.57,4557.25
2016-07-14,457567.2,135952.68,545180.0,593519.88,4544.2,4557.24
2016-07-15,457567.2,141227.51,550460.0,598794.71,4543.99,4557.24
2016-07-16,457567.2,141224.07,550460.0,598791.27,4543.86,4557.24
2016-07-17,457567.2,141224.07,550460.0,598791.27,4543.86,4557.24
2016-07-18,457567.2,145080.36,530540.0,602647.56,4562.91,4581.88
2016-07-19,457567.2,144281.66,529740.0,601848.86,4562.96,4581.88
2016-07-20,457567.2,146188.97,546370.0,603756.17,4581.13,4597.28
2016-07-21,457567.2,147960.27,527420.0,605527.47,4599.17,4618.84
2016-07-22,457567.2,144267.79,507270.0,601834.99,4605.98,4635.84
2016-07-23,457567.2,144272.54,507270.0,601839.74,4606.16,4635.84
2016-07-24,457567.2,144273.4,507270.0,601840.6,4606.2,4635.85
2016-07-25,457567.2,146637.77,509680.0,604204.97,4631.48,4679.85
2016-07-26,457567.2,147513.88,510560.0,605081.08,4631.33,4679.84
2016-07-27,457567.2,146512.34,509555.0,604079.54,4631.46,4679.84
2016-07-28,457567.2,144851.78,493280.0,602418.98,4649.38,4695.24
2016-07-29,457567.2,137876.06,502760.0,595443.26,4661.57,4713.24
2016-07-30,457567.2,137887.26,502760.0,595454.46,4662.01,4713.24
2016-07-31,457567.2,137879.94,502760.0,595447.14,4661.72,4713.24
2016-08-01,457567.2,145529.78,502065.0,603096.98,4667.87,4722.24
2016-08-02,457567.2,144724.44,477115.0,602291.64,4687.79,4747.9
2016-08-03,457567.2,137716.18,470105.0,595283.38,4687.86,4747.9
2016-08-04,457567.2,148532.99,480930.0,606100.19,4687.53,4747.9
2016-08-05,457567.2,158726.21,501880.0,616293.41,4693.44,4758.89
2016-08-06,457567.2,158720.17,501880.0,616287.37,4693.2,4758.89
2016-08-07,457567.2,158719.74,501880.0,616286.94,4693.19,4758.89
2016-08-08,457567.2,166462.41,498840.0,624029.61,4699.52,4769.89
2016-08-09,457567.2,166920.6,499290.0,624487.8,4699.84,4769.89
2016-08-10,457567.2,163779.31,496150.0,621346.51,4699.79,4769.89
2016-08-11,457567.2,171145.61,503515.0,628712.81,4699.84,4769.89
2016-08-12,457567.2,177432.59,509805.0,634999.79,4699.72,4769.89
2016-08-13,457567.2,177433.45,509805.0,635000.65,4699.75,4769.89
2016-08-14,457567.2,177432.16,509805.0,634999.36,4699.7,4769.89
2016-08-15,457567.2,187662.16,520035.0,645229.36,4699.7,4769.89
2016-08-16,457567.2,182725.86,515100.0,640293.06,4699.65,4769.89
2016-08-17,457567.2,180326.56,512705.0,637893.76,4699.48,4769.89
2016-08-18,457567.2,187923.55,539200.0,645490.75,4717.48,4790.4
2016-08-19,457567.2,183245.97,534525.0,640813.17,4717.38,4790.4
2016-08-20,457567.2,183240.79,534525.0,640807.99,4717.18,4790.4
2016-08-21,457567.2,183240.79,534525.0,640807.99,4717.18,4790.4
2016-08-22,457567.2,184136.65,535420.0,641703.85,4717.21,4790.4
2016-08-23,457567.2,178222.52,529505.0,635789.72,4717.24,4790.4
2016-08-24,457567.2,170108.38,521390.0,627675.58,4717.28,4790.4
2016-08-25,457567.2,166462.42,538665.0,624029.62,4753.52,4812.96
2016-08-26,457567.2,166093.9,523290.0,623661.1,4760.14,4828.96
2016-08-27,457567.2,166099.94,523290.0,623667.14,4760.38,4828.96
2016-08-28,457567.2,162505.39,441540.0,620072.59,4952.99,5077.46
2016-08-29,457567.2,159883.11,428915.0,617450.31,4959.26,5088.46
2016-08-30,457567.2,166382.95,435420.0,623950.15,4959.06,5088.46
2016-08-31,457567.2,165959.28,455005.0,623526.48,4977.47,5109.0
2016-09-01,457567.2,167525.54,469690.0,625092.74,4995.16,5123.35
2016-09-02,457567.2,174311.21,476480.0,631878.41,4994.99,5123.35
2016-09-03,457567.2,174311.21,476480.0,631878.41,4994.99,5123.35
2016-09-04,457567.2,174311.21,476480.0,631878.41,4994.99,5123.35
2016-09-05,457567.2,184300.36,486470.0,641867.56,4994.96,5123.35
2016-09-06,457567.2,193661.23,495830.0,651228.43,4994.99,5123.35
2016-09-07,457567.2,192716.22,494885.0,650283.42,4994.99,5123.35
2016-09-08,457567.2,194968.8,497135.0,652536.0,4995.09,5123.35
2016-09-09,457567.2,202106.4,504270.0,659673.6,4995.2,5123.35
2016-09-10,457567.2,202107.26,504270.0,659674.46,4995.23,5123.35
2016-09-11,457567.2,202415.83,518510.0,659983.03,5013.21,5137.73
2016-09-12,457567.2,179887.17,540927.0,637454.37,5042.29,5185.48
2016-09-13,457567.2,174140.01,521452.0,631707.21,5091.86,5199.84
2016-09-14,457567.2,174306.88,521618.0,631874.08,5091.89,5199.84
2016-09-15,457567.2,180554.73,527868.0,638121.93,5091.81,5199.84
2016-09-16,457567.2,180556.02,527868.0,638123.22,5091.86,5199.84
2016-09-17,457567.2,180559.47,527868.0,638126.67,5091.99,5199.85
2016-09-18,457567.2,180559.47,527868.0,638126.67,5091.99,5199.85
2016-09-19,457567.2,189386.88,536698.0,646954.08,5091.89,5199.84
2016-09-20,457567.2,188474.58,535790.0,646041.78,5091.72,5199.84
2016-09-21,457567.2,192308.85,539626.0,649876.05,5091.66,5199.84
2016-09-22,457567.2,196639.54,543961.0,654206.74,5091.49,5199.84
2016-09-23,457567.2,192023.95,551449.0,649591.15,5097.82,5212.84
2016-09-24,457567.2,192027.39,551449.0,649594.59,5097.96,5212.84
2016-09-25,457567.2,192026.53,551449.0,649593.73,5097.93,5212.84
2016-09-26,457567.2,176895.45,502430.0,634462.65,5125.09,5247.76
2016-09-27,457567.2,182301.74,507838.0,639868.94,5125.02,5247.76
2016-09-28,457567.2,179267.01,504805.0,636834.21,5124.95,5247.76
2016-09-29,457567.2,181350.97,506895.0,638918.17,5124.71,5247.76
2016-09-30,457567.2,172816.6,513743.0,630383.8,5143.05,5264.17
2016-10-01,457567.2,172815.31,513743.0,630382.51,5143.0,5264.17
2016-10-02,457567.2,172818.76,513743.0,630385.96,5143.14,5264.17
2016-10-03,457567.2,174769.19,515693.0,632336.39,5143.15,5264.17
2016-10-04,457567.2,180078.18,521002.0,637645.38,5143.15,5264.17
2016-10-05,457567.2,178058.62,518982.0,635625.82,5143.17,5264.17
2016-10-06,457567.2,182833.64,522962.0,640400.84,5143.29,5264.18
2016-10-07,457567.2,183155.95,523280.0,640723.15,5143.46,5264.18
2016-10-08,457567.2,183155.95,523280.0,640723.15,5143.46,5264.18
2016-10-09,457567.2,183154.22,523280.0,640721.42,5143.39,5264.18
2016-10-10,457567.2,182865.95,550640.0,640433.15,5165.54,5292.92
2016-10-11,457567.2,177349.94,572174.0,634917.14,5187.14,5321.65
2016-10-12,457567.2,173713.37,568540.0,631280.57,5187.04,5321.65
2016-10-13,457567.2,165868.81,517217.0,623436.01,5262.22,5420.19
2016-10-14,457567.2,169376.54,470399.0,626943.74,5290.08,5472.87
2016-10-15,457567.2,169376.54,470399.0,626943.74,5290.08,5472.87
2016-10-16,457567.2,169376.54,470399.0,626943.74,5290.08,5472.87
2016-10-17,457567.2,164704.94,422696.0,622272.14,5327.03,5517.22
2016-10-18,457567.2,175204.92,433196.0,632772.12,5327.03,5517.22
2016-10-19,457567.2,171847.03,445640.0,629414.23,5344.76,5534.64
2016-10-20,457567.2,171692.06,445482.0,629259.26,5344.88,5534.64
2016-10-21,457567.2,171694.21,445482.0,629261.41,5344.96,5534.64
2016-10-22,457567.2,171689.9,445482.0,629257.1,5344.79,5534.64
2016-10-23,457567.2,171689.9,445482.0,629257.1,5344.79,5534.64
2016-10-24,457567.2,175318.48,449108.0,632885.68,5344.89,5534.64
2016-10-25,457567.2,176889.59,493724.0,634456.79,5378.99,5578.8
2016-10-26,457567.2,166627.15,499424.0,624194.35,5391.08,5595.8
2016-10-27,457567.2,160353.96,493156.0,617921.16,5390.88,5595.8
2016-10-28,457567.2,156814.52,489620.0,614381.72,5390.74,5595.8
2016-10-29,457567.2,156818.4,489620.0,614385.6,5390.9,5595.8
2016-10-30,457567.2,153785.15,446100.0,611352.35,5423.4,5637.9
2016-10-31,457567.2,153794.0,446108.0,611361.2,5423.43,5637.9
2016-11-01,457567.2,157671.9,415072.0,615239.1,5444.52,5695.9
2016-11-02,457567.2,150175.35,407572.0,607742.55,5444.65,5695.9
2016-11-03,457567.2,151010.49,408408.0,608577.69,5444.62,5695.9
2016-11-04,457567.2,154029.93,411424.0,611597.13,5444.76,5695.9
2016-11-05,457567.2,154028.2,411424.0,611595.4,5444.69,5695.9
2016-11-06,457567.2,154030.79,411424.0,611597.99,5444.79,5695.9
2016-11-07,457567.2,155406.8,412800.0,612974.0,5444.79,5695.9
2016-11-08,457567.2,162048.65,482042.0,619615.85,5505.26,5761.13
2016-11-09,457567.2,154548.61,540058.0,612115.81,5555.15,5830.43
2016-11-10,457567.2,163515.79,572890.0,621082.99,5609.35,5857.07
2016-11-11,457567.2,159172.27,568540.0,616739.47,5609.61,5857.08
2016-11-12,457567.2,159170.98,568540.0,616738.18,5609.55,5857.08
2016-11-13,457567.2,159170.98,568540.0,616738.18,5609.55,5857.08
2016-11-14,457567.2,156634.09,566004.0,614201.29,5609.52,5857.08
2016-11-15,457567.2,161597.25,570968.0,619164.45,5609.49,5857.08
2016-11-16,457567.2,167460.81,576832.0,625028.01,5609.47,5857.08
2016-11-17,457567.2,168750.07,585524.0,626317.27,5627.28,5865.27
2016-11-18,457567.2,173224.38,604534.0,630791.58,5634.07,5880.28
2016-11-19,457567.2,173221.36,604534.0,630788.56,5633.95,5880.27
2016-11-20,457567.2,173221.79,604534.0,630788.99,5633.97,5880.27
2016-11-21,457567.2,183708.34,615024.0,641275.54,5633.84,5880.27
2016-11-22,457567.2,189957.04,615328.0,647524.24,5651.87,5886.43
2016-11-23,457567.2,192086.73,616024.0,649653.93,5669.94,5888.47
2016-11-24,457567.2,198385.16,622322.0,655952.36,5669.95,5888.47
2016-11-25,457567.2,200408.14,624348.0,657975.34,5669.84,5888.47
2016-11-26,457567.2,200407.71,624348.0,657974.91,5669.82,5888.47
2016-11-27,457567.2,200409.0,624348.0,657976.2,5669.87,5888.47
2016-11-28,457567.2,202266.9,614218.0,659834.1,5705.77,5917.19
2016-11-29,457567.2,196363.49,608312.0,653930.69,5705.87,5917.19
2016-11-30,457567.2,197315.22,609262.0,654882.42,5705.94,5917.19
2016-12-01,457567.2,204120.32,605316.0,661687.52,5770.09,5980.8
2016-12-02,457567.2,201983.56,611274.0,659550.76,5787.91,5990.01
2016-12-03,457567.2,201983.56,611274.0,659550.76,5787.91,5990.01
2016-12-04,457567.2,201983.99,611274.0,659551.19,5787.92,5990.01
2016-12-05,457567.2,192892.86,609930.0,650460.06,5805.96,5998.22
2016-12-06,457567.2,193936.59,610972.0,651503.79,5806.03,5998.22
2016-12-07,457567.2,196549.45,613584.0,654116.65,5806.06,5998.22
2016-12-08,457567.2,208620.15,625656.0,666187.35,5806.01,5998.22
2016-12-09,457567.2,209978.65,627002.0,667545.85,5806.5,5998.23
2016-12-10,457567.2,209980.81,627002.0,667548.01,5806.59,5998.23
2016-12-11,457567.2,210445.24,633642.0,668012.44,5824.6,6005.39
2016-12-12,457567.2,197630.08,620832.0,655197.28,5824.4,6005.39
2016-12-13,457567.2,211239.17,634448.0,668806.37,5824.13,6005.39
2016-12-14,457567.2,204486.6,627698.0,662053.8,5824.03,6005.39
2016-12-15,457567.2,195420.68,618614.0,652987.88,5824.74,6005.39
2016-12-16,457567.2,202702.27,625868.0,660269.47,5825.82,6005.4
2016-12-17,457567.2,202697.96,625868.0,660265.16,5825.65,6005.4
2016-12-18,457567.2,202697.96,625868.0,660265.16,5825.65,6005.4
2016-12-19,457567.2,184027.45,607188.0,641594.65,5826.03,6005.4
2016-12-20,457567.2,177722.55,600890.0,635289.75,5825.75,6005.4
2016-12-21,457567.2,185748.2,608926.0,643315.4,5825.35,6005.4
2016-12-22,457567.2,174590.47,533846.0,632157.67,5899.69,6085.48
2016-12-23,457567.2,173328.92,540022.0,630896.12,5930.18,6129.9
2016-12-24,457567.2,173329.35,540022.0,630896.55,5930.19,6129.9
2016-12-25,457567.2,173329.35,540022.0,630896.55,5930.19,6129.9
2016-12-26,457567.2,173337.97,540022.0,630905.17,5930.53,6129.9
2016-12-27,457567.2,173332.8,540022.0,630900.0,5930.33,6129.9
2016-12-28,457567.2,176794.68,528274.0,634361.88,5949.05,6165.9
2016-12-29,457567.2,175368.09,495576.0,632935.29,5992.07,6228.13
2016-12-30,457567.2,183130.55,481140.0,640697.75,5998.98,6251.13
2016-12-31,457567.2,183133.57,481140.0,640700.77,5999.1,6251.13
2017-01-01,457567.2,183133.57,481140.0,640700.77,5999.1,6251.13
2017-01-02,457567.2,183146.5,481140.0,640713.7,5999.6,6251.14
2017-01-03,457567.2,190683.32,488682.0,648250.52,5999.4,6251.14
2017-01-04,457567.2,199199.01,497202.0,656766.21,5999.23,6251.13
2017-01-05,457567.2,198587.58,496594.0,656154.78,5999.1,6251.13
2017-01-06,457567.2,195331.73,493336.0,652898.93,5999.18,6251.13
2017-01-07,457567.2,195334.32,493336.0,652901.52,5999.28,6251.14
2017-01-08,457567.2,195334.75,493336.0,652901.95,5999.3,6251.14
2017-01-09,457567.2,204493.6,502494.0,662060.8,5999.33,6251.14
2017-01-10,457567.2,205462.7,503470.0,663029.9,5999.06,6251.13
2017-01-11,457567.2,214197.88,512200.0,671765.08,5999.27,6251.13
2017-01-12,457567.2,207807.14,505814.0,665374.34,5999.08,6251.13
2017-01-13,457567.2,217645.29,515650.0,675212.49,5999.16,6251.13
2017-01-14,457567.2,217644.86,515650.0,675212.06,5999.15,6251.13
2017-01-15,457567.2,217645.29,515650.0,675212.49,5999.16,6251.13
2017-01-16,457567.2,191699.01,489702.0,649266.21,5999.23,6251.13
2017-01-17,457567.2,193104.47,491104.0,650671.67,5999.37,6251.14
2017-01-18,457567.2,196902.14,474648.0,654469.34,6006.5,6272.14
2017-01-19,457567.2,192278.85,485906.0,649846.05,6013.28,6288.14
2017-01-20,457567.2,193007.15,421328.0,650574.35,6046.15,6356.14
2017-01-21,457567.2,193002.84,421328.0,650570.04,6045.98,6356.14
2017-01-22,457567.2,193002.84,421328.0,650570.04,6045.98,6356.14
2017-01-23,457567.2,197931.67,430546.0,655498.87,6063.78,6361.25
2017-01-24,457567.2,197925.21,387216.0,655492.41,6098.64,6406.42
2017-01-25,457567.2,196450.34,399362.0,654017.54,6113.21,6453.42
2017-01-26,457567.2,200548.5,403458.0,658115.7,6113.3,6453.42
2017-01-27,457567.2,198318.22,431184.0,655885.42,6121.17,6483.43
2017-01-28,457567.2,198322.53,431184.0,655889.73,6121.34,6483.43
2017-01-29,457567.2,198322.53,431184.0,655889.73,6121.34,6483.43
2017-01-30,457567.2,198317.78,431184.0,655884.98,6121.16,6483.42
2017-01-31,457567.2,198318.65,431184.0,655885.85,6121.19,6483.43
2017-02-01,457567.2,196224.94,463146.0,653792.14,6148.56,6518.34
2017-02-02,457567.2,196030.95,462952.0,653598.15,6148.56,6518.34
2017-02-03,457567.2,195608.65,462534.0,653175.85,6148.39,6518.34
2017-02-04,457567.2,195605.2,462534.0,653172.4,6148.25,6518.34
2017-02-05,457567.2,195605.2,462534.0,653172.4,6148.25,6518.34
2017-02-06,457567.2,199459.5,466384.0,657026.7,6148.42,6518.34
2017-02-07,457567.2,201055.09,467980.0,658622.29,6148.41,6518.34
2017-02-08,457567.2,218648.8,485572.0,676216.0,6148.48,6518.34
2017-02-09,457567.2,223767.63,490696.0,681334.83,6148.27,6518.34
2017-02-10,457567.2,225970.53,531186.0,683537.73,6177.03,6558.09
2017-02-11,457567.2,225964.93,531186.0,683532.13,6176.81,6558.09
2017-02-12,457567.2,225964.93,531186.0,683532.13,6176.81,6558.09
2017-02-13,457567.2,230710.95,562876.0,688278.15,6213.05,6586.82
2017-02-14,457567.2,224572.82,571728.0,682140.02,6249.08,6603.22
2017-02-15,457567.2,232033.72,579182.0,689600.92,6249.35,6603.22
2017-02-16,457567.2,236184.11,607688.0,693751.31,6268.57,6628.88
2017-02-17,457567.2,236711.58,618016.0,694278.78,6280.59,6638.88
2017-02-18,457567.2,236712.01,618016.0,694279.21,6280.6,6638.88
2017-02-19,457567.2,236711.58,618016.0,694278.78,6280.59,6638.88
2017-02-20,457567.2,243975.58,625280.0,701542.78,6280.59,6638.88
2017-02-21,457567.2,242981.86,655448.0,700549.06,6288.42,6670.88
2017-02-22,457567.2,254593.51,635196.0,712160.71,6326.08,6726.15
2017-02-23,457567.2,257492.01,604516.0,715059.21,6396.35,6811.14
2017-02-24,457567.2,251549.06,641518.0,709116.26,6422.91,6854.35
2017-02-25,457567.2,251548.2,641518.0,709115.4,6422.87,6854.35
2017-02-26,457567.2,250922.7,651838.0,708489.9,6440.87,6865.65
2017-02-27,457567.2,253028.93,635130.0,710596.13,6458.94,6885.16
2017-02-28,457567.2,247990.96,630086.0,705558.16,6459.18,6885.16
2017-03-01,457567.2,257637.11,639730.0,715204.31,6459.26,6885.16
2017-03-02,457567.2,258134.09,640230.0,715701.29,6459.14,6885.16
2017-03-03,457567.2,253308.4,635400.0,710875.6,6459.31,6885.16
2017-03-04,457567.2,253306.67,635400.0,710873.87,6459.25,6885.16
2017-03-05,457567.2,253306.67,635400.0,710873.87,6459.25,6885.16
2017-03-06,457567.2,262784.99,644874.0,720352.19,6459.42,6885.16
2017-03-07,457567.2,267399.41,649488.0,724966.61,6459.43,6885.16
2017-03-08,457567.2,282888.07,687472.0,740455.27,6496.01,6908.77
2017-03-09,457567.2,275866.0,680462.0,733433.2,6495.53,6908.77
2017-03-10,457567.2,280897.29,697842.0,738464.49,6513.59,6922.1
2017-03-11,457567.2,280893.84,697842.0,738461.04,6513.45,6922.1
2017-03-12,457567.2,280893.84,697842.0,738461.04,6513.45,6922.1
2017-03-13,457567.2,307077.81,722090.0,764645.01,6549.5,6946.7
2017-03-14,457567.2,309708.04,724706.0,767275.24,6550.06,6946.7
2017-03-15,457567.2,310922.91,725920.0,768490.11,6550.09,6946.7
2017-03-16,457567.2,320678.04,725532.0,778245.24,6567.01,6957.97
2017-03-17,457567.2,309175.18,714030.0,766742.38,6566.97,6957.97
2017-03-18,457567.2,309176.04,714030.0,766743.24,6567.01,6957.97
2017-03-19,457567.2,309180.35,714030.0,766747.55,6567.18,6957.97
2017-03-20,457567.2,318851.55,723690.0,776418.75,6567.62,6957.98
2017-03-21,457567.2,317298.21,686280.0,774865.41,6595.05,6995.69
2017-03-22,457567.2,311384.3,692298.0,768951.5,6613.15,7008.01
2017-03-23,457567.2,309539.75,690450.0,767106.95,6613.28,7008.01
2017-03-24,457567.2,311748.88,692660.0,769316.08,6613.25,7008.01
2017-03-25,457567.2,311745.44,692660.0,769312.64,6613.11,7008.01
2017-03-26,457567.2,311745.44,692660.0,769312.64,6613.11,7008.01
2017-03-27,457567.2,295644.6,676554.0,753211.8,6613.32,7008.01
2017-03-28,457567.2,314331.47,695240.0,771898.67,6613.35,7008.01
2017-03-29,457567.2,316025.93,696928.0,773593.13,6613.61,7008.01
2017-03-30,457567.2,301557.09,725030.0,759124.29,6710.15,7112.39
2017-03-31,457567.2,303123.68,726594.0,760690.88,6710.25,7112.39
2017-04-01,457567.2,303123.68,726594.0,760690.88,6710.25,7112.39
2017-04-02,457567.2,303122.38,726594.0,760689.58,6710.2,7112.39
2017-04-03,457567.2,317207.51,740680.0,774774.71,6710.16,7112.39
2017-04-04,457567.2,317207.51,740680.0,774774.71,6710.16,7112.39
2017-04-05,457567.2,323627.9,747106.0,781195.1,6709.94,7112.39
2017-04-06,457567.2,347661.2,771138.0,805228.4,6710.0,7112.39
2017-04-07,457567.2,353792.45,777274.0,811359.65,6709.81,7112.39
2017-04-08,457567.2,353793.74,777274.0,811360.94,6709.86,7112.39
2017-04-09,457567.2,353793.74,777274.0,811360.94,6709.86,7112.39
2017-04-10,457567.2,339592.76,763070.0,797159.96,6709.98,7112.39
2017-04-11,457567.2,343005.25,766476.0,800572.45,6710.23,7112.39
2017-04-12,457567.2,353235.67,776706.0,810802.87,6710.25,7112.39
2017-04-13,457567.2,364384.44,787844.0,821951.64,6710.67,7112.39
2017-04-14,457567.2,364379.27,787844.0,821946.47,6710.47,7112.39
2017-04-15,457567.2,364379.7,787844.0,821946.9,6710.49,7112.39
2017-04-16,457567.2,364380.13,787844.0,821947.33,6710.5,7112.39
2017-04-17,457567.2,364377.98,787844.0,821945.18,6710.42,7112.39
2017-04-18,457567.2,343045.46,770950.0,800612.66,6764.79,7163.69
2017-04-19,457567.2,338454.58,766360.0,796021.78,6764.76,7163.69
2017-04-20,457567.2,333247.62,761150.0,790814.82,6764.88,7163.69
2017-04-21,457567.2,329268.05,757170.0,786835.25,6764.89,7163.69
2017-04-22,457567.2,329267.62,757170.0,786834.82,6764.88,7163.69
2017-04-23,457567.2,329269.34,757170.0,786836.54,6764.94,7163.69
2017-04-24,457567.2,317938.37,741710.0,775505.57,6911.14,7346.86
2017-04-25,457567.2,336785.35,760560.0,794352.55,6911.02,7346.85
2017-04-26,457567.2,338189.33,716500.0,795756.53,6934.29,7432.86
2017-04-27,457567.2,329150.51,748300.0,786717.71,7025.99,7581.34
2017-04-28,457567.2,304782.89,734160.0,762350.09,7043.65,7592.61
2017-04-29,457567.2,304782.89,734160.0,762350.09,7043.65,7592.61
2017-04-30,457567.2,304784.18,734160.0,762351.38,7043.7,7592.61
2017-05-01,457567.2,304780.3,734160.0,762347.5,7043.55,7592.61
2017-05-02,457567.2,307994.94,737360.0,765562.14,7044.12,7592.62
2017-05-03,457567.2,307994.94,737360.0,765562.14,7044.12,7592.62
2017-05-04,457567.2,292692.1,732170.0,750259.3,7050.48,7603.62
2017-05-05,457567.2,283253.29,722720.0,740820.49,7050.92,7603.62
2017-05-06,457567.2,283253.72,722720.0,740820.92,7050.94,7603.62
2017-05-07,457567.2,283253.72,722720.0,740820.92,7050.94,7603.62
2017-05-08,457567.2,286474.6,725940.0,744041.8,7050.97,7603.62
2017-05-09,457567.2,317632.45,757100.0,775199.65,7050.88,7603.62
2017-05-10,457567.2,306903.24,746360.0,764470.44,7051.31,7603.62
2017-05-11,457567.2,314057.9,753500.0,771625.1,7051.88,7603.63
2017-05-12,457567.2,316996.42,756420.0,774563.62,7052.61,7603.63
2017-05-13,457567.2,316994.27,756420.0,774561.47,7052.53,7603.63
2017-05-14,457567.2,316994.7,756420.0,774561.9,7052.55,7603.63
2017-05-15,457567.2,316230.54,755680.0,773797.74,7051.6,7603.62
2017-05-16,457567.2,321770.13,761220.0,779337.33,7051.58,7603.62
2017-05-17,457567.2,315234.84,733640.0,772802.04,7088.82,7662.62
2017-05-18,457567.2,320312.45,738740.0,777879.65,7087.94,7662.62
2017-05-19,457567.2,350972.42,769400.0,808539.62,7087.94,7662.62
2017-05-20,457567.2,350978.89,769400.0,808546.09,7088.2,7662.62
2017-05-21,457567.2,350810.49,710300.0,808377.69,7135.44,7724.21
2017-05-22,457567.2,382016.54,741500.0,839583.74,7135.68,7724.21
2017-05-23,457567.2,372111.2,731580.0,829678.4,7136.26,7724.22
2017-05-24,457567.2,417505.5,754620.0,875072.7,7193.43,10052.22
2017-05-25,457567.2,417496.29,754600.0,875063.49,7193.85,10052.22
2017-05-26,457567.2,401541.86,738640.0,859109.06,7194.07,10052.22
2017-05-27,457567.2,401543.59,738640.0,859110.79,7194.14,10052.22
2017-05-28,457567.2,401543.59,738640.0,859110.79,7194.14,10052.22
2017-05-29,457567.2,456288.35,793380.0,913855.55,7194.33,10052.23
2017-05-30,457567.2,456284.04,793380.0,913851.24,7194.16,10052.22
2017-05-31,457567.2,444814.37,913589.62,902381.57,7261.39,10129.74
2017-06-01,457567.2,454869.22,865320.0,912436.42,7275.3,10129.74
2017-06-02,457567.2,472728.32,883180.0,930295.52,7275.26,10129.74
2017-06-03,457567.2,472718.85,883180.0,930286.05,7274.9,10129.73
2017-06-04,457567.2,472718.85,883180.0,930286.05,7274.9,10129.73
2017-06-05,457567.2,507534.2,917980.0,965101.4,7275.49,10129.74
2017-06-06,457567.2,511602.33,922040.0,969169.53,7275.8,10129.74
2017-06-07,457567.2,515684.59,926120.0,973251.79,7275.89,10129.74
2017-06-08,457567.2,522575.86,933000.0,980143.06,7276.32,10129.74
2017-06-09,457567.2,491638.09,902060.0,949205.29,7276.41,10129.74
2017-06-10,457567.2,491635.84,902060.0,949203.04,7276.32,10129.74
2017-06-11,457567.2,491635.84,902060.0,949203.04,7276.32,10129.74
2017-06-12,457567.2,493694.13,901340.0,951261.33,7309.75,10329.75
2017-06-13,457567.2,570526.93,978180.0,1028094.13,7309.48,10329.74
2017-06-14,457567.2,520626.01,928280.0,978193.21,7309.44,10329.74
2017-06-15,457567.2,519443.05,850340.0,977010.25,7371.62,10408.83
2017-06-16,457567.2,488958.98,819860.0,946526.18,7371.46,10408.82
2017-06-17,457567.2,488958.53,819860.0,946525.73,7371.45,10408.82
2017-06-18,457567.2,488958.53,819860.0,946525.73,7371.45,10408.82
2017-06-19,457567.2,515994.71,928060.0,973561.91,7436.19,10493.01
2017-06-20,457567.2,520636.54,932700.0,978203.74,7436.26,10493.01
2017-06-21,457567.2,520235.63,932300.0,977802.83,7436.23,10493.01
2017-06-22,457567.2,506114.38,918160.0,963681.58,7457.86,10635.01
2017-06-23,457567.2,512537.53,924580.0,970104.73,7457.98,10635.01
2017-06-24,457567.2,512537.53,924580.0,970104.73,7457.98,10635.01
2017-06-25,457567.2,512537.53,924580.0,970104.73,7457.98,10635.01
2017-06-26,457567.2,551337.97,884320.0,1008905.17,7551.69,10717.11
2017-06-27,457567.2,549262.0,882240.0,1006829.2,7551.85,10717.11
2017-06-28,457567.2,536799.14,869760.0,994366.34,7552.51,10717.12
2017-06-29,457567.2,576240.96,909200.0,1033808.16,7552.57,10717.12
2017-06-30,457567.2,615751.85,948700.0,1073319.05,7552.99,10717.12
2017-07-01,457567.2,615756.37,948700.0,1073323.57,7553.16,10717.12
2017-07-02,457567.2,614262.37,1026100.0,1071829.57,7616.16,10798.25
2017-07-03,457567.2,654568.59,1066390.0,1112135.79,7616.79,10798.25
2017-07-04,457567.2,615783.69,1027620.0,1073350.89,7616.22,10798.25
2017-07-05,457567.2,604025.51,1015860.0,1061592.71,7616.29,10798.25
2017-07-06,457567.2,609643.07,1021460.0,1067210.27,7616.96,10798.26
2017-07-07,457567.2,552618.6,964440.0,1010185.8,7616.79,10798.25
2017-07-08,457567.2,552622.21,964440.0,1010189.41,7616.93,10798.25
2017-07-09,457567.2,552619.5,964440.0,1010186.7,7616.82,10798.25
2017-07-10,457567.2,554226.72,966040.0,1011793.92,7617.1,10798.26
2017-07-11,457567.2,665185.39,1077000.0,1122752.59,7617.05,10798.26
2017-07-12,457567.2,661159.5,1072980.0,1118726.7,7616.82,10798.25
2017-07-13,457567.2,653929.98,1065760.0,1111497.18,7616.46,10798.25
2017-07-14,457567.2,667862.34,1079700.0,1125429.54,7616.16,10798.25
2017-07-15,457567.2,667846.54,1079700.0,1125413.74,7615.56,10798.25
2017-07-16,457567.2,667846.54,1079700.0,1125413.74,7615.56,10798.25
2017-07-17,457567.2,677716.05,919380.0,1135283.25,7650.63,10972.25
2017-07-18,457567.2,625784.36,1003410.0,1083351.56,7683.24,11109.25
2017-07-19,457567.2,681415.66,1024770.0,1138982.86,7691.94,11144.25
2017-07-20,457567.2,780020.2,1123370.0,1237587.4,7692.12,11144.25
2017-07-21,457567.2,781849.31,1125200.0,1239416.51,7692.08,11144.25
2017-07-22,457567.2,781852.02,1125200.0,1239419.22,7692.19,11144.25
2017-07-23,457567.2,781852.02,1125200.0,1239419.22,7692.19,11144.25
2017-07-24,457567.2,795459.33,1138820.0,1253026.53,7691.7,11144.25
2017-07-25,457567.2,734174.75,1077530.0,1191741.95,7691.91,11144.25
2017-07-26,457567.2,766041.48,1109380.0,1223608.68,7692.55,11144.25
2017-07-27,457567.2,826360.64,1169710.0,1283927.84,7692.13,11144.25
2017-07-28,457567.2,802922.44,1146270.0,1260489.64,7692.2,11144.25
2017-07-29,457567.2,802923.8,1146270.0,1260491.0,7692.25,11144.25
2017-07-30,457567.2,802923.8,1146270.0,1260491.0,7692.25,11144.25
2017-07-31,457567.2,824358.52,1206840.0,1281925.72,7700.88,11184.25
2017-08-01,457567.2,805239.3,982590.0,1262806.5,7865.54,11395.8
2017-08-02,457567.2,779068.72,956400.0,1236635.92,7866.28,11395.81
2017-08-03,457567.2,759753.26,937080.0,1217320.46,7866.46,11395.81
2017-08-04,457567.2,771707.66,989480.0,1229274.86,7875.34,11436.81
2017-08-05,457567.2,771708.56,989480.0,1229275.76,7875.38,11436.81
2017-08-06,457567.2,771708.56,989480.0,1229275.76,7875.38,11436.81
2017-08-07,457567.2,771783.89,989540.0,1229351.09,7875.97,11436.82
2017-08-08,457567.2,810717.5,1028470.0,1268284.7,7876.11,11436.82
2017-08-09,457567.2,814242.98,960318.0,1271810.18,7971.0,11561.05
2017-08-10,457567.2,802140.24,969300.0,1259707.44,7994.67,11583.51
2017-08-11,457567.2,763611.06,930760.0,1221178.26,7995.09,11583.52
2017-08-12,457567.2,763613.31,930760.0,1221180.51,7995.17,11583.52
2017-08-13,457567.2,763613.31,930760.0,1221180.51,7995.17,11583.52
2017-08-14,457567.2,786401.47,953540.0,1243968.67,7995.49,11583.52
2017-08-15,457567.2,772242.72,939370.0,1229809.92,7995.92,11583.52
2017-08-16,457567.2,774944.16,942080.0,1232511.36,7995.59,11583.52
2017-08-17,457567.2,778633.65,963880.0,1236200.85,8013.76,11603.01
2017-08-18,457567.2,754646.67,974560.0,1212213.87,8041.44,11638.94
2017-08-19,457567.2,754649.37,974560.0,1212216.57,8041.55,11638.95
2017-08-20,457567.2,754650.28,974560.0,1212217.48,8041.58,11638.95
2017-08-21,457567.2,798892.52,1018800.0,1256459.72,8041.67,11638.95
2017-08-22,457567.2,821932.53,1041840.0,1279499.73,8041.67,11638.95
2017-08-23,457567.2,821937.95,1041840.0,1279505.15,8041.88,11638.95
2017-08-24,457567.2,838929.83,1058840.0,1296497.03,8041.57,11638.95
2017-08-25,457567.2,827143.27,929410.0,1284710.47,8093.35,11760.93
2017-08-26,457567.2,827132.89,929410.0,1284700.09,8092.95,11760.93
2017-08-27,457567.2,827128.82,929410.0,1284696.02,8092.8,11760.93
2017-08-28,457567.2,833200.94,935460.0,1290768.14,8093.65,11760.94
2017-08-29,457567.2,844970.16,1021860.0,1302537.36,8110.66,11835.94
2017-08-30,457567.2,913775.91,1052660.0,1371343.11,8119.22,11874.94
2017-08-31,457567.2,935979.53,1119185.0,1393546.73,8128.2,11919.94
2017-09-01,457567.2,916381.85,1099595.0,1373949.05,8127.9,11919.94
2017-09-02,457567.2,916380.5,1099595.0,1373947.7,8127.85,11919.94
2017-09-03,457567.2,916380.5,1099595.0,1373947.7,8127.85,11919.94
2017-09-04,457567.2,931267.26,1114475.0,1388834.46,8128.11,11919.94
2017-09-05,457567.2,988501.82,1245180.0,1446069.02,8186.83,11996.92
2017-09-06,457567.2,1006453.17,1263130.0,1464020.37,8186.88,11996.92
2017-09-07,457567.2,995999.88,1252730.0,1453567.08,8184.84,11996.91
2017-09-08,457567.2,1001727.77,1258480.0,1459294.97,8183.99,11996.9
2017-09-09,457567.2,1001744.02,1258480.0,1459311.22,8184.61,11996.9
2017-09-10,457567.2,1001744.02,1258480.0,1459311.22,8184.61,11996.9
2017-09-11,457567.2,1053822.2,1310560.0,1511389.4,8184.54,11996.9
2017-09-12,457567.2,1083596.38,1340340.0,1541163.58,8184.32,11996.9
2017-09-13,457567.2,1118183.15,1374920.0,1575750.35,8184.58,11996.9
2017-09-14,457567.2,1143860.48,1331280.0,1601427.68,8195.35,12066.9
2017-09-15,457567.2,1254489.6,1630026.05,1712056.8,8226.96,12136.91
2017-09-16,457567.2,1254488.49,1630021.74,1712055.69,8226.91,12136.91
2017-09-17,457567.2,1254489.23,1630024.62,1712056.43,8226.95,12136.91
2017-09-18,457567.2,1288065.86,1583920.0,1745633.06,8272.81,12172.84
2017-09-19,457567.2,1385447.37,1804629.72,1843014.57,8308.35,12232.83
2017-09-20,457567.2,1350467.18,1780889.34,1808034.38,8325.15,12245.12
2017-09-21,457567.2,1324320.63,1633090.0,1781887.83,8337.27,12245.13
2017-09-22,457567.2,1277428.61,1566200.0,1734995.81,8408.77,12339.52
2017-09-23,457567.2,1277429.7,1566200.0,1734996.9,8408.83,12339.52
2017-09-24,457567.2,1277929.07,1600250.0,1735496.27,8435.84,12374.43
2017-09-25,457567.2,1179167.44,1521940.0,1636734.64,8454.51,12395.99
2017-09-26,457567.2,1168852.39,1511630.0,1626419.59,8454.26,12395.98
2017-09-27,457567.2,1283886.09,1626675.0,1741453.29,8453.7,12395.98
2017-09-28,457567.2,1240694.78,1583480.0,1698261.98,8453.88,12395.98
2017-09-29,457567.2,1300628.35,1643410.0,1758195.55,8454.06,12395.98
2017-09-30,457567.2,1300621.08,1643410.0,1758188.28,8453.7,12395.98
2017-10-01,457567.2,1300628.35,1643410.0,1758195.55,8454.06,12395.98
2017-10-02,457567.2,1300622.53,1643410.0,1758189.73,8453.77,12395.98
2017-10-03,457567.2,1363575.49,1706360.0,1821142.69,8453.92,12395.98
2017-10-04,457567.2,1450674.52,1793470.0,1908241.72,8453.37,12395.98
2017-10-05,457567.2,1450675.25,1793470.0,1908242.45,8453.41,12395.98
2017-10-06,457567.2,1479783.09,1822585.0,1937350.29,8453.05,12395.98
2017-10-07,457567.2,1479782.36,1822585.0,1937349.56,8453.01,12395.98
2017-10-08,457567.2,1479782.36,1822585.0,1937349.56,8453.01,12395.98
2017-10-09,457567.2,1408793.32,1750510.0,1866360.52,8509.87,12523.3
2017-10-10,457567.2,1453969.68,1795690.0,1911536.88,8509.69,12523.3
2017-10-11,457567.2,1371655.45,1340290.0,1829222.65,8557.49,12897.31
2017-10-12,457567.2,1418963.43,1466560.0,1876530.63,8674.69,13144.1
2017-10-13,457567.2,1400588.38,1482050.0,1858155.58,8704.8,13180.1
2017-10-14,457567.2,1400582.56,1482050.0,1858149.76,8704.51,13180.1
2017-10-15,457567.2,1400637.57,1505550.0,1858204.77,8723.23,13204.74
2017-10-16,457567.2,1389667.31,1477440.0,1847234.51,8783.96,13633.74
2017-10-17,457567.2,1380379.94,1282240.0,1837947.14,8933.14,13825.77
2017-10-18,457567.2,1419260.7,1401175.0,1876827.9,8997.03,13908.92
2017-10-19,457567.2,1374459.66,1519820.0,1832026.86,9233.49,14232.69
2017-10-20,457567.2,1419656.21,1565010.0,1877223.41,9233.82,14232.69
2017-10-21,457567.2,1419656.57,1565010.0,1877223.77,9233.84,14232.69
2017-10-22,457567.2,1419662.03,1565010.0,1877229.23,9234.11,14232.7
2017-10-23,457567.2,1435362.24,1581210.0,1892929.44,9293.18,14432.7
2017-10-24,457567.2,1441765.87,1587610.0,1899333.07,9293.36,14432.7
2017-10-25,457567.2,1478915.16,1624760.0,1936482.36,9293.32,14432.7
2017-10-26,457567.2,1471337.93,1617190.0,1928905.13,9292.96,14432.69
2017-10-27,457567.2,1451825.16,1597670.0,1909392.36,9293.32,14432.7
2017-10-28,457567.2,1451824.79,1597670.0,1909391.99,9293.3,14432.7
2017-10-29,457567.2,1451825.88,1597670.0,1909393.08,9293.36,14432.7
2017-10-30,457567.2,1446680.59,1640120.0,1904247.79,9330.6,14482.97
2017-10-31,457567.2,1465657.87,1659090.0,1923225.07,9330.96,14482.98
2017-11-01,457567.2,1436823.2,1630260.0,1894390.4,9330.72,14482.97
2017-11-02,457567.2,1428902.26,1622330.0,1886469.46,9331.18,14482.98
2017-11-03,457567.2,1417257.66,1595470.0,1874824.86,9346.78,14544.98
2017-11-04,457567.2,1417257.66,1595470.0,1874824.86,9346.78,14544.98
2017-11-05,457567.2,1417257.66,1595470.0,1874824.86,9346.78,14544.98
2017-11-06,457567.2,1379234.81,1579110.0,1836802.01,9354.05,14566.98
2017-11-07,457567.2,1411869.9,1611740.0,1869437.1,9354.3,14566.98
2017-11-08,457567.2,1413309.37,1711310.0,1870876.57,9393.32,14666.97
2017-11-09,457567.2,1451233.19,1749220.0,1908800.39,9394.01,14666.97
2017-11-10,457567.2,1451554.09,1749530.0,1909121.29,9394.55,14666.98
2017-11-11,457567.2,1451547.91,1749530.0,1909115.11,9394.24,14666.98
2017-11-12,457567.2,1451547.91,1749530.0,1909115.11,9394.24,14666.98
2017-11-13,457567.2,1441515.36,1694680.0,1899082.56,9430.18,14713.98
2017-11-14,457567.2,1416656.55,1845970.0,1874223.75,9498.61,14892.8
2017-11-15,457567.2,1405047.83,1834350.0,1862615.03,9499.17,14892.81
2017-11-16,457567.2,1431267.64,1860560.0,1888834.84,9499.65,14892.81
2017-11-17,457567.2,1414806.2,1707770.0,1872373.4,9577.69,15033.81
2017-11-18,457567.2,1414801.48,1707770.0,1872368.68,9577.46,15033.81
2017-11-19,457567.2,1414801.84,1707770.0,1872369.04,9577.48,15033.81
2017-11-20,457567.2,1399046.54,1546120.0,1856613.74,9637.29,15183.81
2017-11-21,457567.2,1461745.09,1608820.0,1919312.29,9637.22,15183.81
2017-11-22,457567.2,1483779.31,1654450.0,1941346.51,9644.58,15207.81
2017-11-23,457567.2,1449258.59,1619930.0,1906825.79,9644.54,15207.81
2017-11-24,457567.2,1469160.59,1639840.0,1926727.79,9644.15,15207.81
2017-11-25,457567.2,1469157.68,1639840.0,1926724.88,9644.0,15207.81
2017-11-26,457567.2,1468833.6,1562340.0,1926400.8,9698.08,15277.81
2017-11-27,457567.2,1431045.01,1429900.0,1888612.21,9740.19,15417.8
2017-11-28,457567.2,1443773.26,1515138.26,1901340.46,9771.58,15417.8
2017-11-29,457567.2,1450925.69,1522328.03,1908492.89,9772.8,15417.81
2017-11-30,457567.2,1391113.26,1485621.83,1848680.46,9780.27,15440.81
2017-12-01,457567.2,1381571.55,1476092.0,1839138.75,9780.66,15440.81
2017-12-02,457567.2,1381573.54,1476097.95,1839140.74,9780.79,15440.81
2017-12-03,457567.2,1381573.82,1476098.8,1839141.02,9780.81,15440.81
2017-12-04,457567.2,1403175.61,1642825.86,1860742.81,9908.65,15486.82
2017-12-05,457567.2,1395496.04,1635092.52,1853063.24,9908.07,15486.82
2017-12-06,457567.2,1332739.89,1514657.61,1790307.09,10007.59,15719.81
2017-12-07,457567.2,1316683.93,1536596.04,1774251.13,10020.92,15758.81
2017-12-08,457567.2,1367243.63,1587068.6,1824810.83,10019.99,15758.81
2017-12-09,457567.2,1367243.16,1587062.57,1824810.36,10019.93,15758.8
2017-12-10,457567.2,1367243.16,1587062.57,1824810.36,10019.93,15758.8
2017-12-11,457567.2,1385385.43,1605227.09,1842952.63,10020.17,15758.81
2017-12-12,457567.2,1368366.27,1588220.91,1825933.47,10020.31,15758.81
2017-12-13,457567.2,1402909.58,1469300.0,1860476.78,10181.93,15758.81
2017-12-14,457567.2,1420832.26,1487220.0,1878399.46,10182.46,15758.81
2017-12-15,457567.2,1369149.09,1435530.0,1826716.29,10183.8,15758.81
2017-12-16,457567.2,1369145.84,1435530.0,1826713.04,10183.16,15758.81
2017-12-17,457567.2,1369145.84,1435530.0,1826713.04,10183.16,15758.81
2017-12-18,457567.2,1356499.15,1388520.0,1814066.35,10192.62,15793.82
2017-12-19,457567.2,1352839.8,1221050.0,1810407.0,10218.84,15958.82
2017-12-20,457567.2,1332764.59,1094150.0,1790331.79,10355.14,16148.83
2017-12-21,457567.2,1349909.89,1111300.0,1807477.09,10354.22,16148.82
2017-12-22,457567.2,1364394.41,1125790.0,1821961.61,10353.14,16148.82
2017-12-23,457567.2,1364395.64,1125790.0,1821962.84,10353.38,16148.82
2017-12-24,457567.2,1364395.64,1125790.0,1821962.84,10353.38,16148.82
2017-12-25,457567.2,1364397.66,1125790.0,1821964.86,10353.78,16148.82
2017-12-26,457567.2,1364395.87,1125790.0,1821963.07,10353.43,16148.82
2017-12-27,457567.2,1389832.29,1151230.0,1847399.49,10352.72,16148.81
2017-12-28,457567.2,1407736.31,1169130.0,1865303.51,10353.52,16148.82
2017-12-29,100567.2,1413425.31,1174820.0,1513992.51,10353.32,16148.82
2017-12-30,100567.2,1413425.31,1174820.0,1513992.51,10353.32,16148.82
2017-12-31,100567.2,1413425.31,1174820.0,1513992.51,10353.32,16148.82
2018-01-01,100567.2,1413423.18,1174820.0,1513990.38,10352.9,16148.81
2018-01-02,100567.2,1483445.64,1244840.0,1584012.84,10353.38,16148.82
2018-01-03,100567.2,1503687.32,1265080.0,1604254.52,10353.71,16148.82
2018-01-04,100567.2,1515928.44,1277320.0,1616495.64,10353.93,16148.82
2018-01-05,100567.2,1532020.12,1293410.0,1632587.32,10354.26,16148.82
2018-01-06,100567.2,1532020.12,1293410.0,1632587.32,10354.26,16148.82
2018-01-07,100567.2,1532018.78,1293410.0,1632585.98,10354.0,16148.82
2018-01-08,100567.2,1552158.78,1564440.0,1652725.98,10389.8,16400.82
2018-01-09,100567.2,1544333.09,1620000.0,1644900.29,10435.9,16565.82
2018-01-10,100567.2,1548486.33,1536370.0,1649053.53,10464.86,16654.82
2018-01-11,100567.2,1525310.45,1598050.0,1625877.65,10584.89,16744.83
2018-01-12,100567.2,1551740.34,1624480.0,1652307.54,10584.87,16744.83
2018-01-13,100567.2,1551740.34,1624480.0,1652307.54,10584.87,16744.83
2018-01-14,100567.2,1551738.77,1624480.0,1652305.97,10584.56,16744.82
2018-01-15,100567.2,1526190.68,1598930.0,1626757.88,10584.93,16744.83
2018-01-16,100567.2,1568353.57,1519730.0,1668920.77,10600.44,16866.83
2018-01-17,100567.2,1594167.08,1545550.0,1694734.28,10599.17,16866.82
