Date,Fund,Earning,Value,Market,Commission,Tax
2015-12-31,223067.2,80460.04,303527.24,154416.11,2637.37,2089.18
2016-01-01,457567.2,80460.59,538027.79,154419.5,2637.42,2089.18
2016-01-02,457567.2,80460.59,538027.79,154419.5,2637.42,2089.18
2016-01-03,457567.2,80460.59,538027.79,154419.5,2637.42,2089.18
2016-01-04,457567.2,73200.68,530767.88,237308.85,2671.21,2116.18
2016-01-05,457567.2,75215.98,532783.18,226899.73,2685.65,2127.18
2016-01-06,457567.2,76766.24,534333.44,236518.38,2691.84,2136.18
2016-01-07,457567.2,63916.99,521484.19,259943.28,2716.48,2173.18
2016-01-08,457567.2,64581.81,522149.01,276754.63,2723.34,2190.18
2016-01-09,457567.2,64588.63,522155.83,276875.4,2724.42,2190.18
2016-01-10,457567.2,65080.82,522648.02,297886.41,2760.61,2211.73
2016-01-11,457567.2,54984.92,512552.12,331726.07,2792.96,2244.15
2016-01-12,457567.2,56759.0,514326.2,350975.31,2799.1,2262.15
2016-01-13,457567.2,53136.22,510703.42,334072.83,2861.79,2262.15
2016-01-14,457567.2,55830.54,513397.74,331182.17,2873.62,2278.15
2016-01-15,457567.2,45786.11,503353.31,321457.19,2876.91,2278.15
2016-01-16,457567.2,45780.76,503347.96,321587.5,2878.31,2278.15
2016-01-17,457567.2,45782.51,503349.71,321544.86,2877.85,2278.15
2016-01-18,457567.2,43082.51,500649.71,318844.86,2877.85,2278.15
2016-01-19,457567.2,47973.9,505541.1,327093.58,2884.47,2282.15
2016-01-20,457567.2,39611.4,497178.6,350961.19,2902.53,2282.15
2016-01-21,457567.2,36466.06,494033.26,347955.47,2903.63,2282.15
2016-01-22,457567.2,44433.34,502000.54,355722.35,2902.05,2282.15
2016-01-23,457567.2,44430.42,501997.62,355307.14,2898.81,2282.15
2016-01-24,457567.2,44431.45,501998.65,355452.71,2899.95,2282.15
2016-01-25,457567.2,44002.75,501569.95,329763.19,2908.2,2282.15
2016-01-26,457567.2,39721.53,497288.73,351400.91,2942.77,2309.85
2016-01-27,457567.2,35982.3,493549.5,347740.81,2943.55,2309.85
2016-01-28,457567.2,34024.44,491591.64,325520.52,3077.24,2309.85
2016-01-29,457567.2,42964.81,500532.01,334450.3,3077.09,2309.85
2016-01-30,457567.2,42966.36,500533.56,334403.15,3076.41,2309.85
2016-01-31,457567.2,42969.13,500536.33,334319.1,3075.2,2309.85
2016-02-01,457567.2,41983.47,499550.67,333333.44,3075.2,2309.85
2016-02-02,457567.2,36750.74,494317.94,323203.68,3098.1,2332.85
2016-02-03,457567.2,30154.68,487721.88,316784.42,3100.57,2332.85
2016-02-04,457567.2,38687.59,496254.79,325370.27,3101.3,2332.85
2016-02-05,457567.2,36078.87,493646.07,322646.15,3099.7,2332.85
2016-02-06,457567.2,36070.54,493637.74,322721.45,3100.86,2332.85
2016-02-07,457567.2,36075.28,493642.48,322678.56,3100.2,2332.85
2016-02-08,457567.2,32624.58,490191.78,319227.86,3100.2,2332.85
2016-02-09,457567.2,31787.1,489354.3,318416.85,3100.57,2332.85
2016-02-10,457567.2,30951.92,488519.12,317638.83,3101.36,2332.85
2016-02-11,457567.2,19536.33,477103.53,319898.66,3107.02,2346.85
2016-02-12,457567.2,17084.72,474651.92,350847.7,3142.22,2385.85
2016-02-13,457567.2,17089.35,474656.55,350815.15,3141.8,2385.85
2016-02-14,457567.2,17089.35,474656.55,350815.15,3141.8,2385.85
2016-02-15,457567.2,28019.35,485586.55,361745.15,3141.8,2385.85
2016-02-16,457567.2,40786.12,498353.32,374450.85,3141.11,2385.85
2016-02-17,457567.2,39808.7,497375.9,373545.12,3141.92,2385.85
2016-02-18,457567.2,46581.92,504149.12,380258.6,3141.25,2385.85
2016-02-19,457567.2,46128.05,503695.25,386658.99,3148.07,2385.85
2016-02-20,457567.2,46130.39,503697.59,386580.56,3147.21,2385.85
2016-02-21,457567.2,46130.26,503697.46,386584.69,3147.26,2385.85
2016-02-22,457567.2,53607.22,511174.42,383925.43,3159.04,2397.85
2016-02-23,457567.2,53455.53,511022.73,385382.91,3164.36,2399.85
2016-02-24,457567.2,57891.27,515458.47,367261.64,3178.63,2413.85
2016-02-25,457567.2,54558.08,512125.28,353224.08,3192.69,2418.85
2016-02-26,457567.2,64262.96,521830.16,362925.65,3192.65,2418.85
2016-02-27,457567.2,64266.73,521833.93,362952.6,3192.97,2418.85
2016-02-28,457567.2,64270.86,521838.06,362982.12,3193.32,2418.85
2016-02-29,457567.2,59949.38,517516.58,368016.18,3199.54,2437.79
2016-03-01,457567.2,64058.22,521625.42,375444.24,3222.8,2451.79
2016-03-02,457567.2,76039.72,533606.92,387369.49,3222.03,2451.79
2016-03-03,457567.2,77967.88,535535.08,389331.84,3222.5,2451.79
2016-03-04,457567.2,82403.85,539971.05,393730.31,3221.98,2451.79
2016-03-05,457567.2,82389.15,539956.35,393640.6,3220.94,2451.78
2016-03-06,457567.2,82386.99,539954.19,393627.41,3220.79,2451.78
2016-03-07,457567.2,86083.35,543650.55,397323.78,3220.79,2451.78
2016-03-08,457567.2,77948.07,535515.27,389201.93,3234.34,2483.78
2016-03-09,457567.2,76096.65,533663.85,375467.54,3241.29,2495.78
2016-03-10,457567.2,73076.6,530643.8,372640.31,3259.79,2495.78
2016-03-11,457567.2,76180.45,533747.65,375728.72,3259.58,2495.78
2016-03-12,457567.2,76166.71,533733.91,375648.8,3258.67,2495.77
2016-03-13,457567.2,76169.92,533737.12,375667.45,3258.88,2495.77
2016-03-14,457567.2,81850.58,539417.78,381348.11,3258.88,2495.77
2016-03-15,457567.2,75365.15,532932.35,374861.57,3258.86,2495.77
2016-03-16,457567.2,77033.5,534600.7,386801.37,3265.37,2495.77
2016-03-17,457567.2,81379.44,538946.64,391174.89,3265.75,2495.78
2016-03-18,457567.2,86593.31,544160.51,396306.03,3264.6,2495.77
2016-03-19,457567.2,86591.55,544158.75,396294.34,3264.47,2495.77
2016-03-20,457567.2,86594.68,544161.88,396315.12,3264.71,2495.77
2016-03-21,457567.2,91614.23,549181.43,401334.67,3264.71,2495.77
2016-03-22,457567.2,87131.07,544698.27,396831.65,3264.44,2495.77
2016-03-23,457567.2,85390.0,542957.2,395077.36,3264.25,2495.77
2016-03-24,457567.2,82713.28,540280.48,392426.0,3264.6,2495.77
2016-03-25,457567.2,82719.87,540287.07,392474.5,3265.18,2495.77
2016-03-26,457567.2,82717.27,540284.47,392455.35,3264.96,2495.77
2016-03-27,457567.2,82718.48,540285.68,392464.29,3265.06,2495.77
2016-03-28,457567.2,79692.59,537259.79,389438.4,3265.06,2495.77
2016-03-29,457567.2,80810.63,538377.83,390542.1,3264.86,2495.77
2016-03-30,457567.2,85958.56,543525.76,362783.57,3291.12,2530.66
2016-03-31,457567.2,89684.43,547251.63,341205.37,3355.16,2659.66
2016-04-01,457567.2,83536.97,541104.17,324566.8,3361.85,2659.66
2016-04-02,457567.2,83535.2,541102.4,324554.0,3361.7,2659.66
2016-04-03,457567.2,83533.96,541101.16,324545.04,3361.59,2659.66
2016-04-04,457567.2,86713.23,544280.43,327724.3,3361.59,2659.66
2016-04-05,457567.2,82868.62,540435.82,323875.29,3361.53,2659.66
2016-04-06,457567.2,89922.91,547490.11,317904.83,3380.95,2694.66
2016-04-07,457567.2,80857.61,538424.81,292336.08,3398.97,2712.11
2016-04-08,457567.2,81768.56,539335.76,293269.08,3399.27,2712.11
2016-04-09,457567.2,81767.06,539334.26,293260.97,3399.18,2712.11
2016-04-10,457567.2,81768.81,539336.01,293270.44,3399.29,2712.11
2016-04-11,457567.2,90982.03,548549.23,292936.16,3451.79,2712.11
2016-04-12,457567.2,89907.73,547474.93,291819.94,3451.21,2712.1
2016-04-13,457567.2,96953.42,554520.62,311491.16,3457.76,2725.11
2016-04-14,457567.2,97988.42,555555.62,312160.88,3489.44,2725.11
2016-04-15,457567.2,99443.63,557010.83,313621.61,3489.52,2725.11
2016-04-16,457567.2,99436.13,557003.33,313588.74,3489.16,2725.1
2016-04-17,457567.2,99439.39,557006.59,313603.04,3489.32,2725.11
2016-04-18,457567.2,97406.61,554973.81,320543.7,3502.92,2760.11
2016-04-19,457567.2,100382.37,557949.57,343138.95,3509.85,2780.11
2016-04-20,457567.2,103759.71,561326.91,364460.97,3516.69,2798.11
2016-04-21,457567.2,105906.54,563473.74,394923.65,3530.05,2827.11
2016-04-22,457567.2,104680.36,562247.56,371681.19,3538.49,2827.11
2016-04-23,457567.2,104680.36,562247.56,371681.19,3538.49,2827.11
2016-04-24,457567.2,104678.06,562245.26,371673.98,3538.4,2827.11
2016-04-25,457567.2,103388.38,560955.58,361805.96,3550.06,2837.11
2016-04-26,457567.2,100377.59,557944.79,337703.08,3562.39,2859.11
2016-04-27,457567.2,99473.73,557040.93,336796.76,3562.35,2859.11
2016-04-28,457567.2,97970.73,555537.93,335299.49,3562.46,2859.11
2016-04-29,457567.2,98630.9,556198.1,335966.21,3562.58,2859.11
2016-04-30,457567.2,98631.66,556198.86,335968.62,3562.61,2859.11
2016-05-01,457567.2,98630.52,556197.72,335965.01,3562.56,2859.11
2016-05-02,457567.2,97994.44,555561.64,335328.93,3562.56,2859.11
2016-05-03,457567.2,94686.6,552253.8,332044.02,3562.99,2859.11
2016-05-04,457567.2,90264.4,547831.6,327648.03,3563.49,2859.11
2016-05-05,457567.2,85941.26,543508.46,343031.79,3587.46,2880.39
2016-05-06,457567.2,80947.37,538514.57,369875.63,3606.52,2914.39
2016-05-07,457567.2,80940.59,538507.79,369849.2,3606.15,2914.39
2016-05-08,457567.2,80736.54,538303.74,386424.62,3624.36,2931.84
2016-05-09,457567.2,75489.26,533056.46,373751.41,3630.43,2939.84
2016-05-10,457567.2,77479.82,535047.02,375764.9,3630.86,2939.85
2016-05-11,457567.2,79424.4,536991.6,387220.74,3636.83,2949.84
2016-05-12,457567.2,74274.24,531841.44,349978.79,3657.32,2973.84
2016-05-13,457567.2,72689.64,530256.84,357123.63,3663.34,2982.84
2016-05-14,457567.2,72704.38,530271.58,357169.45,3664.02,2982.85
2016-05-15,457567.2,72704.72,530271.92,357170.49,3664.04,2982.85
2016-05-16,457567.2,77701.99,535269.19,329683.46,3672.51,2982.85
2016-05-17,457567.2,82827.81,540395.01,362089.71,3703.51,2982.85
2016-05-18,457567.2,87029.07,544596.27,366283.94,3703.34,2982.84
2016-05-19,457567.2,81953.63,539520.83,350014.14,3734.05,3024.85
2016-05-20,457567.2,84759.64,542326.84,364102.44,3741.02,3036.85
2016-05-21,457567.2,84760.08,542327.28,364103.52,3741.03,3036.85
2016-05-22,457567.2,84753.08,542320.28,364086.3,3740.78,3036.85
2016-05-23,457567.2,88840.58,546407.78,365752.57,3782.78,3103.62
2016-05-24,457567.2,92162.53,549729.73,369078.35,3782.87,3103.62
2016-05-25,457567.2,97041.77,554608.97,373948.68,3814.61,3103.62
2016-05-26,457567.2,97628.23,555195.43,374519.8,3814.23,3103.62
2016-05-27,457567.2,106247.73,563814.93,382978.88,3845.68,3103.62
2016-05-28,457567.2,106249.99,563817.19,382983.7,3845.74,3103.62
2016-05-29,457567.2,106250.55,563817.75,382984.9,3845.76,3103.62
2016-05-30,457567.2,104697.29,562264.49,393229.9,3899.76,3161.09
2016-05-31,457567.2,108248.0,565815.2,374387.36,3940.31,3183.09
2016-06-01,457567.2,101677.44,559244.64,322297.65,3975.54,3202.09
2016-06-02,457567.2,102373.64,559940.84,322996.13,3975.67,3202.09
2016-06-03,457567.2,98816.07,556383.27,319439.42,3975.72,3202.09
2016-06-04,457567.2,98803.01,556370.21,319417.24,3975.19,3202.09
2016-06-05,457567.2,98803.83,556371.03,319418.63,3975.23,3202.09
2016-06-06,457567.2,106428.03,563995.23,281695.0,4074.51,3466.32
2016-06-07,457567.2,112561.81,570129.01,311035.0,4092.97,3490.94
2016-06-08,457567.2,109957.22,567524.42,348610.0,4117.96,3531.94
2016-06-09,457567.2,109929.64,567496.84,348610.0,4116.87,3531.94
2016-06-10,457567.2,101229.58,558796.78,339395.0,4116.94,3588.96
2016-06-11,457567.2,101239.93,558807.13,339395.0,4117.34,3588.96
2016-06-12,457567.2,101476.05,559043.25,351215.0,4135.19,3601.27
2016-06-13,457567.2,92646.05,550213.25,342385.0,4135.19,3601.27
2016-06-14,457567.2,92199.62,549766.82,420930.0,4217.86,3685.4
2016-06-15,457567.2,98458.58,556025.78,427195.0,4217.63,3685.4
2016-06-16,457567.2,88824.86,546392.06,431150.0,4235.56,3699.76
2016-06-17,457567.2,95364.6,552931.8,417020.0,4242.57,3720.76
2016-06-18,457567.2,95370.21,552937.41,417020.0,4242.79,3720.76
2016-06-19,457567.2,95365.03,552932.23,417020.0,4242.59,3720.76
2016-06-20,457567.2,101135.45,558702.65,441650.0,4294.11,3829.83
2016-06-21,457567.2,107227.6,564794.8,447740.0,4294.19,3829.83
2016-06-22,457567.2,113555.85,571123.05,484245.0,4367.65,4123.26
2016-06-23,457567.2,113310.76,570877.96,515925.0,4457.55,4197.13
2016-06-24,457567.2,102190.55,559757.75,492540.0,4475.4,4210.46
2016-06-25,457567.2,102194.43,559761.63,492540.0,4475.55,4210.46
2016-06-26,457567.2,102207.79,559774.99,492540.0,4476.08,4210.46
2016-06-27,457567.2,102367.79,559934.99,492700.0,4476.08,4210.46
2016-06-28,457567.2,102429.77,559996.97,492765.0,4475.96,4210.46
2016-06-29,457567.2,107562.87,565130.07,497905.0,4475.69,4210.46
2016-06-30,457567.2,117456.15,575023.35,507800.0,4475.62,4210.46
2016-07-01,457567.2,117457.44,575024.64,507800.0,4475.67,4210.46
2016-07-02,457567.2,117453.99,575021.19,507800.0,4475.53,4210.46
2016-07-03,457567.2,117455.29,575022.49,507800.0,4475.59,4210.46
2016-07-04,457567.2,125580.29,583147.49,515925.0,4475.59,4210.46
2016-07-05,457567.2,117812.21,575379.41,515025.0,4526.55,4544.92
2016-07-06,457567.2,113883.08,571450.28,511095.0,4526.59,4544.92
2016-07-07,457567.2,117348.51,574915.71,514560.0,4526.6,4544.92
2016-07-08,457567.2,117839.37,575406.57,515050.0,4526.64,4544.92
2016-07-09,457567.2,117835.92,575403.12,515050.0,4526.5,4544.92
2016-07-10,457567.2,117835.06,575402.26,515050.0,4526.47,4544.92
2016-07-11,457567.2,128629.56,586196.76,537850.0,4544.47,4557.24
2016-07-12,457567.2,134569.13,592136.33,543790.0,4544.45,4557.24
2016-07-13,457567.2,135562.14,593129.34,544780.0,4544.57,4557.25
2016-07-14,457567.2,135952.66,593519.86,545180.0,4544.2,4557.24
2016-07-15,457567.2,141227.49,598794.69,550460.0,4543.99,4557.24
2016-07-16,457567.2,141224.04,598791.24,550460.0,4543.86,4557.24
2016-07-17,457567.2,141224.04,598791.24,550460.0,4543.86,4557.24
2016-07-18,457567.2,145080.34,602647.54,530540.0,4562.91,4581.88
2016-07-19,457567.2,144281.64,601848.84,529740.0,4562.96,4581.88
2016-07-20,457567.2,146188.95,603756.15,546370.0,4581.13,4597.28
2016-07-21,457567.2,147960.25,605527.45,527420.0,4599.17,4618.84
2016-07-22,457567.2,144267.78,601834.98,507270.0,4605.98,4635.84
2016-07-23,457567.2,144272.52,601839.72,507270.0,4606.16,4635.84
2016-07-24,457567.2,144273.38,601840.58,507270.0,4606.2,4635.85
2016-07-25,457567.2,146637.74,604204.94,509680.0,4631.48,4679.85
2016-07-26,457567.2,147513.86,605081.06,510560.0,4631.33,4679.84
2016-07-27,457567.2,146512.31,604079.51,509555.0,4631.46,4679.84
2016-07-28,457567.2,144851.76,602418.96,493280.0,4649.38,4695.24
2016-07-29,457567.2,137876.04,595443.24,502760.0,4661.57,4713.24
2016-07-30,457567.2,137887.24,595454.44,502760.0,4662.01,4713.24
2016-07-31,457567.2,137879.92,595447.12,502760.0,4661.72,4713.24
2016-08-01,457567.2,145529.77,603096.97,502065.0,4667.87,4722.24
2016-08-02,457567.2,144724.43,602291.63,477115.0,4687.79,4747.9
2016-08-03,457567.2,137716.15,595283.35,470105.0,4687.86,4747.9
2016-08-04,457567.2,148532.96,606100.16,480930.0,4687.53,4747.9
2016-08-05,457567.2,158726.19,616293.39,501880.0,4693.44,4758.89
2016-08-06,457567.2,158720.15,616287.35,501880.0,4693.2,4758.89
2016-08-07,457567.2,158719.72,616286.92,501880.0,4693.19,4758.89
2016-08-08,457567.2,166462.39,624029.59,498840.0,4699.52,4769.89
2016-08-09,457567.2,166920.58,624487.78,499290.0,4699.84,4769.89
2016-08-10,457567.2,163779.29,621346.49,496150.0,4699.79,4769.89
2016-08-11,457567.2,171145.58,628712.78,503515.0,4699.84,4769.89
2016-08-12,457567.2,177432.56,634999.76,509805.0,4699.72,4769.89
2016-08-13,457567.2,177433.43,635000.63,509805.0,4699.75,4769.89
2016-08-14,457567.2,177432.13,634999.33,509805.0,4699.7,4769.89
2016-08-15,457567.2,187662.13,645229.33,520035.0,4699.7,4769.89
2016-08-16,457567.2,182725.84,640293.04,515100.0,4699.65,4769.89
2016-08-17,457567.2,180326.53,637893.73,512705.0,4699.48,4769.89
2016-08-18,457567.2,187923.53,645490.73,539200.0,4717.48,4790.4
2016-08-19,457567.2,183245.94,640813.14,534525.0,4717.38,4790.4
2016-08-20,457567.2,183240.77,640807.97,534525.0,4717.18,4790.4
2016-08-21,457567.2,183240.77,640807.97,534525.0,4717.18,4790.4
2016-08-22,457567.2,184136.63,641703.83,535420.0,4717.21,4790.4
2016-08-23,457567.2,178222.5,635789.7,529505.0,4717.24,4790.4
2016-08-24,457567.2,170108.36,627675.56,521390.0,4717.28,4790.4
2016-08-25,457567.2,166462.39,624029.59,538665.0,4753.52,4812.96
2016-08-26,457567.2,166093.87,623661.07,523290.0,4760.14,4828.96
2016-08-27,457567.2,166099.9,623667.1,523290.0,4760.38,4828.96
2016-08-28,457567.2,162505.36,620072.56,441540.0,4952.99,5077.46
2016-08-29,457567.2,159883.09,617450.29,428915.0,4959.26,5088.46
2016-08-30,457567.2,166382.92,623950.12,435420.0,4959.06,5088.46
2016-08-31,457567.2,165959.27,623526.47,455005.0,4977.47,5109.0
2016-09-01,457567.2,167525.51,625092.71,469690.0,4995.16,5123.35
2016-09-02,457567.2,174311.2,631878.4,476480.0,4994.99,5123.35
2016-09-03,457567.2,174311.2,631878.4,476480.0,4994.99,5123.35
2016-09-04,457567.2,174311.2,631878.4,476480.0,4994.99,5123.35
2016-09-05,457567.2,184300.34,641867.54,486470.0,4994.96,5123.35
2016-09-06,457567.2,193661.2,651228.4,495830.0,4994.99,5123.35
2016-09-07,457567.2,192716.2,650283.4,494885.0,4994.99,5123.35
2016-09-08,457567.2,194968.78,652535.98,497135.0,4995.09,5123.35
2016-09-09,457567.2,202106.37,659673.57,504270.0,4995.2,5123.35
2016-09-10,457567.2,202107.23,659674.43,504270.0,4995.23,5123.35
2016-09-11,457567.2,202415.8,659983.0,518510.0,5013.21,5137.73
2016-09-12,457567.2,179887.14,637454.34,540927.0,5042.29,5185.48
2016-09-13,457567.2,174140.0,631707.2,521452.0,5091.86,5199.84
2016-09-14,457567.2,174306.86,631874.06,521618.0,5091.89,5199.84
2016-09-15,457567.2,180554.7,638121.9,527868.0,5091.81,5199.84
2016-09-16,457567.2,180556.0,638123.2,527868.0,5091.86,5199.84
2016-09-17,457567.2,180559.45,638126.65,527868.0,5091.99,5199.85
2016-09-18,457567.2,180559.45,638126.65,527868.0,5091.99,5199.85
2016-09-19,457567.2,189386.86,646954.06,536698.0,5091.89,5199.84
2016-09-20,457567.2,188474.55,646041.75,535790.0,5091.72,5199.84
2016-09-21,457567.2,192308.83,649876.03,539626.0,5091.66,5199.84
2016-09-22,457567.2,196639.52,654206.72,543961.0,5091.49,5199.84
2016-09-23,457567.2,192023.93,649591.13,551449.0,5097.82,5212.84
2016-09-24,457567.2,192027.38,649594.58,551449.0,5097.96,5212.84
2016-09-25,457567.2,192026.52,649593.72,551449.0,5097.93,5212.84
2016-09-26,457567.2,176895.44,634462.64,502430.0,5125.09,5247.76
2016-09-27,457567.2,182301.71,639868.91,507838.0,5125.02,5247.76
2016-09-28,457567.2,179266.99,636834.19,504805.0,5124.95,5247.76
2016-09-29,457567.2,181350.96,638918.16,506895.0,5124.71,5247.76
2016-09-30,457567.2,172816.58,630383.78,513743.0,5143.05,5264.17
2016-10-01,457567.2,172815.28,630382.48,513743.0,5143.0,5264.17
2016-10-02,457567.2,172818.73,630385.93,513743.0,5143.14,5264.17
2016-10-03,457567.2,174769.16,632336.36,515693.0,5143.15,5264.17
2016-10-04,457567.2,180078.16,637645.36,521002.0,5143.15,5264.17
2016-10-05,457567.2,178058.59,635625.79,518982.0,5143.17,5264.17
2016-10-06,457567.2,182833.61,640400.81,522962.0,5143.29,5264.18
2016-10-07,457567.2,183155.92,640723.12,523280.0,5143.46,5264.18
2016-10-08,457567.2,183155.92,640723.12,523280.0,5143.46,5264.18
2016-10-09,457567.2,183154.2,640721.4,523280.0,5143.39,5264.18
2016-10-10,457567.2,182865.92,640433.12,550640.0,5165.54,5292.92
2016-10-11,457567.2,177349.92,634917.12,572174.0,5187.14,5321.65
2016-10-12,457567.2,173713.33,631280.53,568540.0,5187.04,5321.65
2016-10-13,457567.2,165868.78,623435.98,517217.0,5262.22,5420.19
2016-10-14,457567.2,169376.52,626943.72,470399.0,5290.08,5472.87
2016-10-15,457567.2,169376.52,626943.72,470399.0,5290.08,5472.87
2016-10-16,457567.2,169376.52,626943.72,470399.0,5290.08,5472.87
2016-10-17,457567.2,164704.91,622272.11,422696.0,5327.03,5517.22
2016-10-18,457567.2,175204.91,632772.11,433196.0,5327.03,5517.22
2016-10-19,457567.2,171847.01,629414.21,445640.0,5344.76,5534.64
2016-10-20,457567.2,171692.03,629259.23,445482.0,5344.88,5534.64
2016-10-21,457567.2,171694.18,629261.38,445482.0,5344.96,5534.64
2016-10-22,457567.2,171689.87,629257.07,445482.0,5344.79,5534.64
2016-10-23,457567.2,171689.87,629257.07,445482.0,5344.79,5534.64
2016-10-24,457567.2,175318.46,632885.66,449108.0,5344.89,5534.64
2016-10-25,457567.2,176889.56,634456.76,493724.0,5378.99,5578.8
2016-10-26,457567.2,166627.12,624194.32,499424.0,5391.08,5595.8
2016-10-27,457567.2,160353.94,617921.14,493156.0,5390.88,5595.8
2016-10-28,457567.2,156814.5,614381.7,489620.0,5390.74,5595.8
2016-10-29,457567.2,156818.37,614385.57,489620.0,5390.9,5595.8
2016-10-30,457567.2,153785.12,611352.32,446100.0,5423.4,5637.9
2016-10-31,457567.2,153793.99,611361.19,446108.0,5423.43,5637.9
2016-11-01,457567.2,157671.88,615239.08,415072.0,5444.52,5695.9
2016-11-02,457567.2,150175.33,607742.53,407572.0,5444.65,5695.9
2016-11-03,457567.2,151010.47,608577.67,408408.0,5444.62,5695.9
2016-11-04,457567.2,154029.91,611597.11,411424.0,5444.76,5695.9
2016-11-05,457567.2,154028.19,611595.39,411424.0,5444.69,5695.9
2016-11-06,457567.2,154030.78,611597.98,411424.0,5444.79,5695.9
2016-11-07,457567.2,155406.78,612973.98,412800.0,5444.79,5695.9
2016-11-08,457567.2,162048.62,619615.82,482042.0,5505.26,5761.13
2016-11-09,457567.2,154548.59,612115.79,540058.0,5555.15,5830.43
2016-11-10,457567.2,163515.76,621082.96,572890.0,5609.35,5857.07
2016-11-11,457567.2,159172.23,616739.43,568540.0,5609.61,5857.08
2016-11-12,457567.2,159170.93,616738.13,568540.0,5609.55,5857.08
2016-11-13,457567.2,159170.93,616738.13,568540.0,5609.55,5857.08
2016-11-14,457567.2,156634.07,614201.27,566004.0,5609.52,5857.08
2016-11-15,457567.2,161597.21,619164.41,570968.0,5609.49,5857.08
2016-11-16,457567.2,167460.78,625027.98,576832.0,5609.47,5857.08
2016-11-17,457567.2,168750.04,626317.24,585524.0,5627.28,5865.27
2016-11-18,457567.2,173224.35,630791.55,604534.0,5634.07,5880.28
2016-11-19,457567.2,173221.33,630788.53,604534.0,5633.95,5880.27
2016-11-20,457567.2,173221.76,630788.96,604534.0,5633.97,5880.27
2016-11-21,457567.2,183708.31,641275.51,615024.0,5633.84,5880.27
2016-11-22,457567.2,189957.02,647524.22,615328.0,5651.87,5886.43
2016-11-23,457567.2,192086.7,649653.9,616024.0,5669.94,5888.47
2016-11-24,457567.2,198385.13,655952.33,622322.0,5669.95,5888.47
2016-11-25,457567.2,200408.11,657975.31,624348.0,5669.84,5888.47
2016-11-26,457567.2,200407.68,657974.88,624348.0,5669.82,5888.47
2016-11-27,457567.2,200408.98,657976.18,624348.0,5669.87,5888.47
2016-11-28,457567.2,202266.87,659834.07,614218.0,5705.77,5917.19
2016-11-29,457567.2,196363.46,653930.66,608312.0,5705.87,5917.19
2016-11-30,457567.2,197315.18,654882.38,609262.0,5705.94,5917.19
2016-12-01,457567.2,204120.28,661687.48,605316.0,5770.09,5980.8
2016-12-02,457567.2,201983.54,659550.74,611274.0,5787.91,5990.01
2016-12-03,457567.2,201983.54,659550.74,611274.0,5787.91,5990.01
2016-12-04,457567.2,201983.97,659551.17,611274.0,5787.92,5990.01
2016-12-05,457567.2,192892.83,650460.03,609930.0,5805.96,5998.22
2016-12-06,457567.2,193936.56,651503.76,610972.0,5806.03,5998.22
2016-12-07,457567.2,196549.42,654116.62,613584.0,5806.06,5998.22
2016-12-08,457567.2,208620.13,666187.33,625656.0,5806.01,5998.22
2016-12-09,457567.2,209978.63,667545.83,627002.0,5806.5,5998.23
2016-12-10,457567.2,209980.78,667547.98,627002.0,5806.59,5998.23
2016-12-11,457567.2,210445.21,668012.41,633642.0,5824.6,6005.39
2016-12-12,457567.2,197630.04,655197.24,620832.0,5824.4,6005.39
2016-12-13,457567.2,211239.14,668806.34,634448.0,5824.13,6005.39
2016-12-14,457567.2,204486.56,662053.76,627698.0,5824.03,6005.39
2016-12-15,457567.2,195420.66,652987.86,618614.0,5824.74,6005.39
2016-12-16,457567.2,202702.25,660269.45,625868.0,5825.82,6005.4
2016-12-17,457567.2,202697.93,660265.13,625868.0,5825.65,6005.4
2016-12-18,457567.2,202697.93,660265.13,625868.0,5825.65,6005.4
2016-12-19,457567.2,184027.42,641594.62,607188.0,5826.03,6005.4
2016-12-20,457567.2,177722.52,635289.72,600890.0,5825.75,6005.4
2016-12-21,457567.2,185748.18,643315.38,608926.0,5825.35,6005.4
2016-12-22,457567.2,174590.45,632157.65,533846.0,5899.69,6085.48
2016-12-23,457567.2,173328.9,630896.1,540022.0,5930.18,6129.9
2016-12-24,457567.2,173329.33,630896.53,540022.0,5930.19,6129.9
2016-12-25,457567.2,173329.33,630896.53,540022.0,5930.19,6129.9
2016-12-26,457567.2,173337.95,630905.15,540022.0,5930.53,6129.9
2016-12-27,457567.2,173332.78,630899.98,540022.0,5930.33,6129.9
2016-12-28,457567.2,176794.65,634361.85,528274.0,5949.05,6165.9
2016-12-29,457567.2,175368.06,632935.26,495576.0,5992.07,6228.13
2016-12-30,457567.2,183130.53,640697.73,481140.0,5998.98,6251.13
2016-12-31,457567.2,183133.55,640700.75,481140.0,5999.1,6251.13
2017-01-01,457567.2,183133.55,640700.75,481140.0,5999.1,6251.13
2017-01-02,457567.2,183146.48,640713.68,481140.0,5999.6,6251.14
2017-01-03,457567.2,190683.31,648250.51,488682.0,5999.4,6251.14
2017-01-04,457567.2,199199.0,656766.2,497202.0,5999.23,6251.13
2017-01-05,457567.2,198587.55,656154.75,496594.0,5999.1,6251.13
2017-01-06,457567.2,195331.7,652898.9,493336.0,5999.18,6251.13
2017-01-07,457567.2,195334.29,652901.49,493336.0,5999.28,6251.14
2017-01-08,457567.2,195334.72,652901.92,493336.0,5999.3,6251.14
2017-01-09,457567.2,204493.58,662060.78,502494.0,5999.33,6251.14
2017-01-10,457567.2,205462.69,663029.89,503470.0,5999.06,6251.13
2017-01-11,457567.2,214197.86,671765.06,512200.0,5999.27,6251.13
2017-01-12,457567.2,207807.12,665374.32,505814.0,5999.08,6251.13
2017-01-13,457567.2,217645.27,675212.47,515650.0,5999.16,6251.13
2017-01-14,457567.2,217644.84,675212.04,515650.0,5999.15,6251.13
2017-01-15,457567.2,217645.27,675212.47,515650.0,5999.16,6251.13
2017-01-16,457567.2,191699.0,649266.2,489702.0,5999.23,6251.13
2017-01-17,457567.2,193104.44,650671.64,491104.0,5999.37,6251.14
2017-01-18,457567.2,196902.11,654469.31,474648.0,6006.5,6272.14
2017-01-19,457567.2,165506.83,623074.03,492466.0,6021.35,6322.14
2017-01-20,457567.2,166355.13,623922.33,428008.0,6054.22,6390.14
2017-01-21,457567.2,166350.82,623918.02,428008.0,6054.05,6390.14
2017-01-22,457567.2,166350.82,623918.02,428008.0,6054.05,6390.14
2017-01-23,457567.2,171449.65,629016.85,437396.0,6071.85,6395.25
2017-01-24,457567.2,171503.2,629070.4,394126.0,6106.71,6440.42
2017-01-25,457567.2,170038.31,627605.51,406282.0,6121.28,6487.42
2017-01-26,457567.2,174216.47,631783.67,410458.0,6121.37,6487.42
2017-01-27,457567.2,171906.19,629473.39,438104.0,6129.24,6517.43
2017-01-28,457567.2,171910.5,629477.7,438104.0,6129.41,6517.43
2017-01-29,457567.2,171910.5,629477.7,438104.0,6129.41,6517.43
2017-01-30,457567.2,171905.76,629472.96,438104.0,6129.23,6517.42
2017-01-31,457567.2,171906.62,629473.82,438104.0,6129.26,6517.43
2017-02-01,457567.2,169792.93,627360.13,470046.0,6156.63,6552.34
2017-02-02,457567.2,169648.93,627216.13,469902.0,6156.63,6552.34
2017-02-03,457567.2,169236.62,626803.82,469494.0,6156.46,6552.34
2017-02-04,457567.2,169233.18,626800.38,469494.0,6156.32,6552.34
2017-02-05,457567.2,169233.18,626800.38,469494.0,6156.32,6552.34
2017-02-06,457567.2,172887.49,630454.69,473144.0,6156.49,6552.34
2017-02-07,457567.2,174533.05,632100.25,474790.0,6156.48,6552.34
2017-02-08,457567.2,192606.78,650173.98,492862.0,6156.55,6552.34
2017-02-09,457567.2,197745.61,655312.81,498006.0,6156.34,6552.34
2017-02-10,457567.2,200098.5,657665.7,538646.0,6185.1,6592.09
2017-02-11,457567.2,200092.9,657660.1,538646.0,6184.88,6592.09
2017-02-12,457567.2,200092.9,657660.1,538646.0,6184.88,6592.09
2017-02-13,457567.2,204698.93,662266.13,570196.0,6221.12,6620.82
2017-02-14,457567.2,198380.8,655948.0,578868.0,6257.15,6637.22
2017-02-15,457567.2,206051.69,663618.89,586532.0,6257.42,6637.22
2017-02-16,457567.2,210212.09,667779.29,615048.0,6276.64,6662.88
2017-02-17,457567.2,210909.55,668476.75,625546.0,6288.66,6672.88
2017-02-18,457567.2,210909.99,668477.19,625546.0,6288.67,6672.88
2017-02-19,457567.2,210909.55,668476.75,625546.0,6288.66,6672.88
2017-02-20,457567.2,218133.55,675700.75,632770.0,6288.66,6672.88
2017-02-21,457567.2,217239.83,674807.03,663038.0,6296.49,6704.88
2017-02-22,457567.2,229041.48,686608.68,642976.0,6334.15,6760.15
2017-02-23,457567.2,232249.98,689817.18,612606.0,6404.42,6845.14
2017-02-24,457567.2,226397.03,683964.23,649698.0,6430.98,6888.35
2017-02-25,457567.2,226396.17,683963.37,649698.0,6430.94,6888.35
2017-02-26,457567.2,225770.67,683337.87,660018.0,6448.94,6899.65
2017-02-27,457567.2,227846.89,685414.09,643280.0,6467.01,6919.16
2017-02-28,457567.2,222728.92,680296.12,638156.0,6467.25,6919.16
2017-03-01,457567.2,232375.07,689942.27,647800.0,6467.33,6919.16
2017-03-02,457567.2,232892.06,690459.26,648320.0,6467.21,6919.16
2017-03-03,457567.2,227796.37,685363.57,643220.0,6467.38,6919.16
2017-03-04,457567.2,227794.64,685361.84,643220.0,6467.32,6919.16
2017-03-05,457567.2,227794.64,685361.84,643220.0,6467.32,6919.16
2017-03-06,457567.2,237422.95,694990.15,652844.0,6467.49,6919.16
2017-03-07,457567.2,242157.38,699724.58,657578.0,6467.5,6919.16
2017-03-08,457567.2,258026.04,715593.24,695942.0,6504.08,6942.77
2017-03-09,457567.2,251103.97,708671.17,689032.0,6503.6,6942.77
2017-03-10,457567.2,256445.26,714012.46,706722.0,6521.66,6956.1
2017-03-11,457567.2,256441.82,714009.02,706722.0,6521.52,6956.1
2017-03-12,457567.2,256441.82,714009.02,706722.0,6521.52,6956.1
2017-03-13,457567.2,282995.78,740562.98,731340.0,6557.57,6980.7
2017-03-14,457567.2,285656.01,743223.21,733986.0,6558.13,6980.7
2017-03-15,457567.2,286870.87,744438.07,735200.0,6558.16,6980.7
2017-03-16,457567.2,296556.01,754123.21,734742.0,6575.08,6991.97
2017-03-17,457567.2,284713.15,742280.35,722900.0,6575.04,6991.97
2017-03-18,457567.2,284714.01,742281.21,722900.0,6575.08,6991.97
2017-03-19,457567.2,284718.32,742285.52,722900.0,6575.25,6991.97
2017-03-20,457567.2,294439.52,752006.72,732610.0,6575.69,6991.98
2017-03-21,457567.2,293586.17,751153.37,695900.0,6603.12,7029.69
2017-03-22,457567.2,287622.26,745189.46,701868.0,6621.22,7042.01
2017-03-23,457567.2,286057.71,743624.91,700300.0,6621.35,7042.01
2017-03-24,457567.2,288276.85,745844.05,702520.0,6621.32,7042.01
2017-03-25,457567.2,288273.4,745840.6,702520.0,6621.18,7042.01
2017-03-26,457567.2,288273.4,745840.6,702520.0,6621.18,7042.01
2017-03-27,457567.2,271692.57,729259.77,685934.0,6621.39,7042.01
2017-03-28,457567.2,291199.43,748766.63,705440.0,6621.42,7042.01
2017-03-29,457567.2,292953.9,750521.1,707188.0,6621.68,7042.01
2017-03-30,457567.2,278295.04,735862.24,735070.0,6718.22,7146.39
2017-03-31,457567.2,279901.63,737468.83,736674.0,6718.32,7146.39
2017-04-01,457567.2,279901.63,737468.83,736674.0,6718.32,7146.39
2017-04-02,457567.2,279900.34,737467.54,736674.0,6718.27,7146.39
2017-04-03,457567.2,294465.47,752032.67,751240.0,6718.23,7146.39
2017-04-04,457567.2,294465.47,752032.67,751240.0,6718.23,7146.39
2017-04-05,457567.2,301005.87,758573.07,757786.0,6718.01,7146.39
2017-04-06,457567.2,325979.16,783546.36,782758.0,6718.07,7146.39
2017-04-07,457567.2,332250.42,789817.62,789034.0,6717.88,7146.39
2017-04-08,457567.2,332251.72,789818.92,789034.0,6717.93,7146.39
2017-04-09,457567.2,332251.72,789818.92,789034.0,6717.93,7146.39
2017-04-10,457567.2,317670.73,775237.93,774450.0,6718.05,7146.39
2017-04-11,457567.2,321283.2,778850.4,778056.0,6718.3,7146.39
2017-04-12,457567.2,331373.63,788940.83,788146.0,6718.32,7146.39
2017-04-13,457567.2,342902.41,800469.61,799664.0,6718.74,7146.39
2017-04-14,457567.2,342897.23,800464.43,799664.0,6718.54,7146.39
2017-04-15,457567.2,342897.66,800464.86,799664.0,6718.56,7146.39
2017-04-16,457567.2,342898.1,800465.3,799664.0,6718.57,7146.39
2017-04-17,457567.2,342895.94,800463.14,799664.0,6718.49,7146.39
2017-04-18,457567.2,321234.43,778801.63,782430.0,6772.86,7197.69
2017-04-19,457567.2,316543.57,774110.77,777740.0,6772.83,7197.69
2017-04-20,457567.2,311176.59,768743.79,772370.0,6772.95,7197.69
2017-04-21,457567.2,307077.02,764644.22,768270.0,6772.96,7197.69
2017-04-22,457567.2,307076.59,764643.79,768270.0,6772.95,7197.69
2017-04-23,457567.2,307078.31,764645.51,768270.0,6773.01,7197.69
2017-04-24,457567.2,295252.32,752819.52,752330.0,6919.21,7380.86
2017-04-25,457567.2,314459.3,772026.5,771540.0,6919.09,7380.85
2017-04-26,457567.2,315803.32,773370.52,727420.0,6942.36,7466.86
2017-04-27,457567.2,306386.47,763953.67,758960.0,7034.06,7615.34
2017-04-28,457567.2,281531.85,739099.05,744300.0,7051.72,7626.61
2017-04-29,457567.2,281531.85,739099.05,744300.0,7051.72,7626.61
2017-04-30,457567.2,281533.15,739100.35,744300.0,7051.77,7626.61
2017-05-01,457567.2,281529.27,739096.47,744300.0,7051.62,7626.61
2017-05-02,457567.2,284863.92,742431.12,747620.0,7052.19,7626.62
2017-05-03,457567.2,284863.92,742431.12,747620.0,7052.19,7626.62
2017-05-04,457567.2,269367.08,726934.28,742100.0,7058.55,7637.62
2017-05-05,457567.2,259878.28,717445.48,732600.0,7058.99,7637.62
2017-05-06,457567.2,259878.71,717445.91,732600.0,7059.01,7637.62
2017-05-07,457567.2,259878.71,717445.91,732600.0,7059.01,7637.62
2017-05-08,457567.2,263099.57,720666.77,735820.0,7059.04,7637.62
2017-05-09,457567.2,294857.42,752424.62,767580.0,7058.95,7637.62
2017-05-10,457567.2,283768.2,741335.4,756480.0,7059.38,7637.62
2017-05-11,457567.2,291042.85,748610.05,763740.0,7059.95,7637.63
2017-05-12,457567.2,294021.38,751588.58,766700.0,7060.68,7637.63
2017-05-13,457567.2,294019.23,751586.43,766700.0,7060.6,7637.63
2017-05-14,457567.2,294019.66,751586.86,766700.0,7060.62,7637.63
2017-05-15,457567.2,293195.52,750762.72,765900.0,7059.67,7637.62
2017-05-16,457567.2,298875.09,756442.29,771580.0,7059.65,7637.62
2017-05-17,457567.2,292279.81,749847.01,743940.0,7096.89,7696.62
2017-05-18,457567.2,297557.4,755124.6,749240.0,7096.01,7696.62
2017-05-19,457567.2,328817.4,786384.6,780500.0,7096.01,7696.62
2017-05-20,457567.2,328823.86,786391.06,780500.0,7096.27,7696.62
2017-05-21,457567.2,328655.47,786222.67,721400.0,7143.51,7758.21
2017-05-22,457567.2,360501.5,818068.7,753240.0,7143.75,7758.21
2017-05-23,457567.2,350436.16,808003.36,743160.0,7144.33,7758.22
2017-05-24,457567.2,396310.47,853877.67,766680.0,7201.5,10086.22
2017-05-25,457567.2,396241.24,853808.44,766600.0,7201.92,10086.22
2017-05-26,457567.2,379966.85,837534.05,750320.0,7202.14,10086.22
2017-05-27,457567.2,379968.57,837535.77,750320.0,7202.21,10086.22
2017-05-28,457567.2,379968.57,837535.77,750320.0,7202.21,10086.22
2017-05-29,457567.2,435933.31,893500.51,806280.0,7202.4,10086.23
2017-05-30,457567.2,435929.0,893496.2,806280.0,7202.23,10086.22
2017-05-31,457567.2,424219.33,881786.53,926249.62,7269.46,10163.74
2017-06-01,457567.2,434434.18,892001.38,878140.0,7283.37,10163.74
2017-06-02,457567.2,452673.28,910240.48,896380.0,7283.33,10163.74
2017-06-03,457567.2,452663.8,910231.0,896380.0,7282.97,10163.73
2017-06-04,457567.2,452663.8,910231.0,896380.0,7282.97,10163.73
2017-06-05,457567.2,488199.15,945766.35,931900.0,7283.56,10163.74
2017-06-06,457567.2,492347.27,949914.47,936040.0,7283.87,10163.74
2017-06-07,457567.2,496549.53,954116.73,940240.0,7283.96,10163.74
2017-06-08,457567.2,503520.81,961088.01,947200.0,7284.39,10163.74
2017-06-09,457567.2,471983.07,929550.27,915660.0,7284.48,10163.74
2017-06-10,457567.2,471980.81,929548.01,915660.0,7284.39,10163.74
2017-06-11,457567.2,471980.81,929548.01,915660.0,7284.39,10163.74
2017-06-12,457567.2,474119.1,931686.3,915020.0,7317.82,10363.75
2017-06-13,457567.2,552651.87,1010219.07,993560.0,7317.55,10363.74
2017-06-14,457567.2,501650.97,959218.17,942560.0,7317.51,10363.74
2017-06-15,457567.2,500528.0,958095.2,864680.0,7379.69,10442.83
2017-06-16,457567.2,469363.93,926931.13,833520.0,7379.53,10442.82
2017-06-17,457567.2,469363.48,926930.68,833520.0,7379.52,10442.82
2017-06-18,457567.2,469363.48,926930.68,833520.0,7379.52,10442.82
2017-06-19,457567.2,496959.68,954526.88,942280.0,7444.26,10527.01
2017-06-20,457567.2,501721.48,959288.68,947040.0,7444.33,10527.01
2017-06-21,457567.2,501340.58,958907.78,946660.0,7444.3,10527.01
2017-06-22,457567.2,486849.32,944416.52,932200.0,7465.93,10669.01
2017-06-23,457567.2,493392.48,950959.68,938740.0,7466.05,10669.01
2017-06-24,457567.2,493392.48,950959.68,938740.0,7466.05,10669.01
2017-06-25,457567.2,493392.48,950959.68,938740.0,7466.05,10669.01
2017-06-26,457567.2,533032.91,990600.11,899320.0,7559.76,10751.11
2017-06-27,457567.2,530936.97,988504.17,897220.0,7559.92,10751.11
2017-06-28,457567.2,518254.13,975821.33,884520.0,7560.58,10751.12
2017-06-29,457567.2,558455.93,1016023.13,924720.0,7560.64,10751.12
2017-06-30,457567.2,598766.76,1056333.96,965020.0,7561.06,10751.12
2017-07-01,457567.2,598771.28,1056338.48,965020.0,7561.23,10751.12
2017-07-02,457567.2,597277.28,1054844.48,1042420.0,7624.23,10832.25
2017-07-03,457567.2,638143.53,1095710.73,1083270.0,7624.86,10832.25
2017-07-04,457567.2,598518.63,1056085.83,1043660.0,7624.29,10832.25
2017-07-05,457567.2,586520.44,1044087.64,1031660.0,7624.36,10832.25
2017-07-06,457567.2,592238.04,1049805.24,1037360.0,7625.03,10832.26
2017-07-07,457567.2,534113.53,991680.73,979240.0,7624.86,10832.25
2017-07-08,457567.2,534117.14,991684.34,979240.0,7625.0,10832.25
2017-07-09,457567.2,534114.43,991681.63,979240.0,7624.89,10832.25
2017-07-10,457567.2,535721.65,993288.85,980840.0,7625.17,10832.26
2017-07-11,457567.2,648700.3,1106267.5,1093820.0,7625.12,10832.26
2017-07-12,457567.2,644654.43,1102221.63,1089780.0,7624.89,10832.25
2017-07-13,457567.2,637224.95,1094792.15,1082360.0,7624.53,10832.25
2017-07-14,457567.2,651437.28,1109004.48,1096580.0,7624.23,10832.25
2017-07-15,457567.2,651421.48,1108988.68,1096580.0,7623.63,10832.25
2017-07-16,457567.2,651421.48,1108988.68,1096580.0,7623.63,10832.25
2017-07-17,457567.2,661611.01,1119178.21,936580.0,7658.7,11006.25
2017-07-18,457567.2,608419.33,1065986.53,1019350.0,7691.31,11143.25
2017-07-19,457567.2,665310.62,1122877.82,1041970.0,7700.01,11178.25
2017-07-20,457567.2,766355.13,1223922.33,1143010.0,7700.19,11178.25
2017-07-21,457567.2,768284.23,1225851.43,1144940.0,7700.15,11178.25
2017-07-22,457567.2,768286.94,1225854.14,1144940.0,7700.26,11178.25
2017-07-23,457567.2,768286.94,1225854.14,1144940.0,7700.26,11178.25
2017-07-24,457567.2,782254.3,1239821.5,1158920.0,7699.77,11178.25
2017-07-25,457567.2,719469.72,1177036.92,1096130.0,7699.98,11178.25
2017-07-26,457567.2,752116.42,1209683.62,1128760.0,7700.62,11178.25
2017-07-27,457567.2,813855.58,1271422.78,1190510.0,7700.2,11178.25
2017-07-28,457567.2,789917.39,1247484.59,1166570.0,7700.27,11178.25
2017-07-29,457567.2,789918.74,1247485.94,1166570.0,7700.32,11178.25
2017-07-30,457567.2,789918.74,1247485.94,1166570.0,7700.32,11178.25
2017-07-31,457567.2,811853.45,1269420.65,1227640.0,7708.95,11218.25
2017-08-01,457567.2,792034.27,1249601.47,1002690.0,7873.61,11429.8
2017-08-02,457567.2,764883.68,1222450.88,975520.0,7874.35,11429.81
2017-08-03,457567.2,745028.19,1202595.39,955660.0,7874.53,11429.81
2017-08-04,457567.2,757262.62,1214829.82,1008340.0,7883.41,11470.81
2017-08-05,457567.2,757263.52,1214830.72,1008340.0,7883.45,11470.81
2017-08-06,457567.2,757263.52,1214830.72,1008340.0,7883.45,11470.81
2017-08-07,457567.2,756978.86,1214546.06,1008040.0,7884.04,11470.82
2017-08-08,457567.2,796752.48,1254319.68,1047810.0,7884.18,11470.82
2017-08-09,457567.2,800697.95,1258265.15,980078.0,7979.07,11595.05
2017-08-10,457567.2,788235.19,1245802.39,988700.0,8002.74,11617.51
2017-08-11,457567.2,748666.02,1206233.22,949120.0,8003.16,11617.52
2017-08-12,457567.2,748668.28,1206235.48,949120.0,8003.24,11617.52
2017-08-13,457567.2,748668.28,1206235.48,949120.0,8003.24,11617.52
2017-08-14,457567.2,771996.4,1229563.6,972440.0,8003.56,11617.52
2017-08-15,457567.2,757457.69,1215024.89,957890.0,8003.99,11617.52
2017-08-16,457567.2,760119.11,1217686.31,960560.0,8003.66,11617.52
2017-08-17,457567.2,763764.63,1221331.83,982400.0,8021.83,11637.01
2017-08-18,457567.2,739197.63,1196764.83,992500.0,8049.51,11672.94
2017-08-19,457567.2,739200.33,1196767.53,992500.0,8049.62,11672.95
2017-08-20,457567.2,739201.24,1196768.44,992500.0,8049.65,11672.95
2017-08-21,457567.2,784683.49,1242250.69,1037980.0,8049.74,11672.95
2017-08-22,457567.2,807983.49,1265550.69,1061280.0,8049.74,11672.95
2017-08-23,457567.2,807988.91,1265556.11,1061280.0,8049.95,11672.95
2017-08-24,457567.2,825480.78,1283047.98,1078780.0,8049.64,11672.95
2017-08-25,457567.2,813804.23,1271371.43,949460.0,8101.42,11794.93
2017-08-26,457567.2,813793.84,1271361.04,949460.0,8101.02,11794.93
2017-08-27,457567.2,813789.78,1271356.98,949460.0,8100.87,11794.93
2017-08-28,457567.2,820011.9,1277579.1,955660.0,8101.72,11794.94
2017-08-29,457567.2,832381.12,1289948.32,1042660.0,8118.73,11869.94
2017-08-30,457567.2,903286.85,1360854.05,1075560.0,8127.29,11908.94
2017-08-31,457567.2,926090.46,1383657.66,1142685.0,8136.27,11953.94
2017-09-01,457567.2,905792.78,1363359.98,1122395.0,8135.97,11953.94
2017-09-02,457567.2,905791.43,1363358.63,1122395.0,8135.92,11953.94
2017-09-03,457567.2,905791.43,1363358.63,1122395.0,8135.92,11953.94
2017-09-04,457567.2,921378.2,1378945.4,1137975.0,8136.18,11953.94
2017-09-05,457567.2,980412.75,1437979.95,1270480.0,8194.9,12030.92
2017-09-06,457567.2,998964.11,1456531.31,1289030.0,8194.95,12030.92
2017-09-07,457567.2,987960.85,1445528.05,1278080.0,8192.91,12030.91
2017-09-08,457567.2,993688.73,1451255.93,1283830.0,8192.06,12030.9
2017-09-09,457567.2,993704.98,1451272.18,1283830.0,8192.68,12030.9
2017-09-10,457567.2,993704.98,1451272.18,1283830.0,8192.68,12030.9
2017-09-11,457567.2,1047283.17,1504850.37,1337410.0,8192.61,12030.9
2017-09-12,457567.2,1077957.31,1535524.51,1368090.0,8192.39,12030.9
2017-09-13,457567.2,1113794.08,1571361.28,1403920.0,8192.65,12030.9
2017-09-14,457567.2,1140271.43,1597838.63,1361080.0,8203.42,12100.9
2017-09-15,457567.2,1254600.56,1712167.76,1663526.05,8235.03,12170.91
2017-09-16,457567.2,1254599.46,1712166.66,1663521.74,8234.98,12170.91
2017-09-17,457567.2,1254600.2,1712167.4,1663524.62,8235.02,12170.91
2017-09-18,457567.2,1289126.81,1746694.01,1618370.0,8280.88,12206.84
2017-09-19,457567.2,1389658.29,1847225.49,1842229.72,8316.42,12266.83
2017-09-20,457567.2,1353628.06,1811195.26,1817439.34,8333.22,12279.12
2017-09-21,457567.2,1326731.51,1784298.71,1668890.0,8345.34,12279.13
2017-09-22,457567.2,1278639.51,1736206.71,1600800.0,8416.84,12373.52
2017-09-23,457567.2,1278640.6,1736207.8,1600800.0,8416.9,12373.52
2017-09-24,457567.2,1279139.96,1736707.16,1634850.0,8443.91,12408.43
2017-09-25,457567.2,1177778.42,1635345.62,1553940.0,8462.58,12429.99
2017-09-26,457567.2,1167113.33,1624680.53,1543280.0,8462.33,12429.98
2017-09-27,457567.2,1285497.05,1743064.25,1661675.0,8461.77,12429.98
2017-09-28,457567.2,1241155.69,1698722.89,1617330.0,8461.95,12429.98
2017-09-29,457567.2,1302989.33,1760556.53,1679160.0,8462.13,12429.98
2017-09-30,457567.2,1302982.05,1760549.25,1679160.0,8461.77,12429.98
2017-10-01,457567.2,1302989.33,1760556.53,1679160.0,8462.13,12429.98
2017-10-02,457567.2,1302983.51,1760550.71,1679160.0,8461.84,12429.98
2017-10-03,457567.2,1367586.42,1825153.62,1743760.0,8461.99,12429.98
2017-10-04,457567.2,1457285.51,1914852.71,1833470.0,8461.44,12429.98
2017-10-05,457567.2,1457286.24,1914853.44,1833470.0,8461.48,12429.98
2017-10-06,457567.2,1487193.96,1944761.16,1863385.0,8461.12,12429.98
2017-10-07,457567.2,1487193.24,1944760.44,1863385.0,8461.08,12429.98
2017-10-08,457567.2,1487193.24,1944760.44,1863385.0,8461.08,12429.98
2017-10-09,457567.2,1414004.24,1871571.44,1789110.0,8517.94,12557.3
2017-10-10,457567.2,1460480.6,1918047.8,1835590.0,8517.76,12557.3
2017-10-11,457567.2,1375266.43,1832833.63,1377290.0,8565.56,12931.31
2017-10-12,457567.2,1424424.36,1881991.56,1505410.0,8682.76,13178.1
2017-10-13,457567.2,1405199.36,1862766.56,1520050.0,8712.87,13214.1
2017-10-14,457567.2,1405193.54,1862760.74,1520050.0,8712.58,13214.1
2017-10-15,457567.2,1405248.54,1862815.74,1543550.0,8731.3,13238.74
2017-10-16,457567.2,1393528.27,1851095.47,1514690.0,8792.03,13667.74
2017-10-17,457567.2,1383940.88,1841508.08,1319190.0,8941.21,13859.77
2017-10-18,457567.2,1425371.65,1882938.85,1440675.0,9005.1,13942.92
2017-10-19,457567.2,1378620.58,1836187.78,1557370.0,9241.56,14266.69
2017-10-20,457567.2,1425717.12,1883284.32,1604460.0,9241.89,14266.69
2017-10-21,457567.2,1425717.49,1883284.69,1604460.0,9241.91,14266.69
2017-10-22,457567.2,1425722.94,1883290.14,1604460.0,9242.18,14266.7
2017-10-23,457567.2,1442273.18,1899840.38,1621510.0,9301.25,14466.7
2017-10-24,457567.2,1450276.82,1907844.02,1629510.0,9301.43,14466.7
2017-10-25,457567.2,1487226.09,1944793.29,1666460.0,9301.39,14466.7
2017-10-26,457567.2,1478948.82,1936516.02,1658190.0,9301.03,14466.69
2017-10-27,457567.2,1457186.09,1914753.29,1636420.0,9301.39,14466.7
2017-10-28,457567.2,1457185.73,1914752.93,1636420.0,9301.37,14466.7
2017-10-29,457567.2,1457186.82,1914754.02,1636420.0,9301.43,14466.7
2017-10-30,457567.2,1452241.55,1909808.75,1679070.0,9338.67,14516.97
2017-10-31,457567.2,1471968.82,1929536.02,1698790.0,9339.03,14516.98
2017-11-01,457567.2,1440284.09,1897851.29,1667110.0,9338.79,14516.97
2017-11-02,457567.2,1432263.18,1889830.38,1659080.0,9339.25,14516.98
2017-11-03,457567.2,1420968.56,1878535.76,1632570.0,9354.85,14578.98
2017-11-04,457567.2,1420968.56,1878535.76,1632570.0,9354.85,14578.98
2017-11-05,457567.2,1420968.56,1878535.76,1632570.0,9354.85,14578.98
2017-11-06,457567.2,1380395.74,1837962.94,1613660.0,9362.12,14600.98
2017-11-07,457567.2,1414680.83,1872248.03,1647940.0,9362.37,14600.98
2017-11-08,457567.2,1414920.29,1872487.49,1746310.0,9401.39,14700.97
2017-11-09,457567.2,1453794.11,1911361.31,1785170.0,9402.08,14700.97
2017-11-10,457567.2,1455065.02,1912632.22,1786430.0,9402.62,14700.98
2017-11-11,457567.2,1455058.84,1912626.04,1786430.0,9402.31,14700.98
2017-11-12,457567.2,1455058.84,1912626.04,1786430.0,9402.31,14700.98
2017-11-13,457567.2,1444576.28,1902143.48,1731130.0,9438.25,14747.98
2017-11-14,457567.2,1417883.46,1875450.66,1880570.0,9506.68,14926.8
2017-11-15,457567.2,1406324.73,1863891.93,1869000.0,9507.24,14926.81
2017-11-16,457567.2,1433344.55,1890911.75,1896010.0,9507.72,14926.81
2017-11-17,457567.2,1416883.14,1874450.34,1743220.0,9585.76,15067.81
2017-11-18,457567.2,1416878.41,1874445.61,1743220.0,9585.53,15067.81
2017-11-19,457567.2,1416878.78,1874445.98,1743220.0,9585.55,15067.81
2017-11-20,457567.2,1401523.54,1859090.74,1581970.0,9645.36,15217.81
2017-11-21,457567.2,1466572.09,1924139.29,1647020.0,9645.29,15217.81
2017-11-22,457567.2,1489406.31,1946973.51,1693450.0,9652.65,15241.81
2017-11-23,457567.2,1454135.59,1911702.79,1658180.0,9652.61,15241.81
2017-11-24,457567.2,1474537.59,1932104.79,1678590.0,9652.22,15241.81
2017-11-25,457567.2,1474534.68,1932101.88,1678590.0,9652.07,15241.81
2017-11-26,457567.2,1474210.6,1931777.8,1601090.0,9706.15,15311.81
2017-11-27,457567.2,1434472.01,1892039.21,1466700.0,9748.26,15451.8
2017-11-28,457567.2,1448600.26,1906167.46,1553338.26,9779.65,15451.8
2017-11-29,457567.2,1456202.69,1913769.89,1560978.03,9780.87,15451.81
2017-11-30,457567.2,1393740.26,1851307.46,1521621.83,9788.34,15474.81
2017-12-01,457567.2,1382998.55,1840565.75,1510892.0,9788.73,15474.81
2017-12-02,457567.2,1383000.54,1840567.74,1510897.95,9788.86,15474.81
2017-12-03,457567.2,1383000.82,1840568.02,1510898.8,9788.88,15474.81
2017-12-04,457567.2,1405002.61,1862569.81,1678025.86,9916.72,15520.82
2017-12-05,457567.2,1396973.04,1854540.24,1669942.52,9916.14,15520.82
2017-12-06,457567.2,1332266.89,1789834.09,1547557.61,10015.66,15753.81
2017-12-07,457567.2,1315560.93,1773128.13,1568846.04,10028.99,15792.81
2017-12-08,457567.2,1367670.63,1825237.83,1620868.6,10028.06,15792.81
2017-12-09,457567.2,1367670.16,1825237.36,1620862.57,10028.0,15792.8
2017-12-10,457567.2,1367670.16,1825237.36,1620862.57,10028.0,15792.8
2017-12-11,457567.2,1386112.43,1843679.63,1639327.09,10028.24,15792.81
2017-12-12,457567.2,1368393.27,1825960.47,1621620.91,10028.38,15792.81
2017-12-13,457567.2,1403236.58,1860803.78,1503000.0,10190.0,15792.81
2017-12-14,457567.2,1422759.26,1880326.46,1522520.0,10190.53,15792.81
2017-12-15,457567.2,1367326.09,1824893.29,1467080.0,10191.87,15792.81
2017-12-16,457567.2,1367322.84,1824890.04,1467080.0,10191.23,15792.81
2017-12-17,457567.2,1367322.84,1824890.04,1467080.0,10191.23,15792.81
2017-12-18,457567.2,1353176.15,1810743.35,1418570.0,10200.69,15827.82
2017-12-19,457567.2,1348816.8,1806384.0,1250400.0,10226.91,15992.82
2017-12-20,457567.2,1326891.59,1784458.79,1121650.0,10363.21,16182.83
2017-12-21,457567.2,1345836.89,1803404.09,1140600.0,10362.29,16182.82
2017-12-22,457567.2,1361271.41,1818838.61,1156040.0,10361.21,16182.82
2017-12-23,457567.2,1361272.64,1818839.84,1156040.0,10361.45,16182.82
2017-12-24,457567.2,1361272.64,1818839.84,1156040.0,10361.45,16182.82
2017-12-25,457567.2,1361274.66,1818841.86,1156040.0,10361.85,16182.82
2017-12-26,457567.2,1361272.87,1818840.07,1156040.0,10361.5,16182.82
2017-12-27,457567.2,1388159.29,1845726.49,1182930.0,10360.79,16182.81
2017-12-28,457567.2,1406863.31,1864430.51,1201630.0,10361.59,16182.82
2017-12-29,100567.2,1412402.31,1512969.51,1207170.0,10361.39,16182.82
2017-12-30,100567.2,1412402.31,1512969.51,1207170.0,10361.39,16182.82
2017-12-31,100567.2,1412402.31,1512969.51,1207170.0,10361.39,16182.82
2018-01-01,100567.2,1412400.18,1512967.38,1207170.0,10360.97,16182.81
2018-01-02,100567.2,1486222.64,1586789.84,1280990.0,10361.45,16182.82
2018-01-03,100567.2,1506214.32,1606781.52,1300980.0,10361.78,16182.82
2018-01-04,100567.2,1518155.44,1618722.64,1312920.0,10362.0,16182.82
2018-01-05,100567.2,1536147.12,1636714.32,1330910.0,10362.33,16182.82
2018-01-06,100567.2,1536147.12,1636714.32,1330910.0,10362.33,16182.82
2018-01-07,100567.2,1536145.78,1636712.98,1330910.0,10362.07,16182.82
2018-01-08,100567.2,1557835.78,1658402.98,1603490.0,10397.87,16434.82
2018-01-09,100567.2,1549460.09,1650027.29,1658500.0,10443.97,16599.82
2018-01-10,100567.2,1553763.33,1654330.53,1575020.0,10472.93,16688.82
2018-01-11,100567.2,1528787.45,1629354.65,1634900.0,10592.96,16778.83
2018-01-12,100567.2,1554667.34,1655234.54,1660780.0,10592.94,16778.83
2018-01-13,100567.2,1554667.34,1655234.54,1660780.0,10592.94,16778.83
2018-01-14,100567.2,1554665.77,1655232.97,1660780.0,10592.63,16778.82
2018-01-15,100567.2,1526917.68,1627484.88,1633030.0,10593.0,16778.83
2018-01-16,100567.2,1570330.57,1670897.77,1555080.0,10608.51,16900.83
2018-01-17,100567.2,1596194.08,1696761.28,1580950.0,10607.24,16900.82
2018-01-18,100567.2,1560463.74,1661030.94,1545220.0,10607.17,16900.82
2018-01-19,100567.2,1620313.74,1720880.94,1605070.0,10607.17,16900.82
2018-01-20,100567.2,1620311.78,1720878.38,1605070.0,10606.66,16900.82
2018-01-21,100567.2,1620312.62,1720879.82,1605070.0,10606.95,16900.82
2018-01-22,100567.2,1645272.62,1745839.82,1630030.0,10606.95,16900.82
2018-01-23,100567.2,1673004.75,1773571.95,1657760.0,10607.37,16900.82
2018-01-24,100567.2,1685893.75,1786460.95,1670650.0,10607.17,16900.82
2018-01-25,100567.2,1654662.63,1755229.83,1639420.0,10606.95,16900.82
2018-01-27,100567.2,1706067.72,1806634.92,1655270.0,10615.06,16936.82
2018-01-28,100567.2,1695715.72,1796282.92,1655270.0,10615.06,14348.82
2018-01-30,100567.2,1669196.28,1769763.48,1738870.0,10629.14,14458.82
2018-01-31,100567.2,1679350.44,1779917.64,1769856.0,10637.13,14479.82
2018-02-01,100567.2,1664778.31,1765345.51,1723156.0,10732.78,14819.82
2018-02-02,100567.2,1701582.95,1802150.15,1757340.0,10759.46,14880.82
2018-02-03,100567.2,1701617.72,1802184.92,1757340.0,10747.05,14866.82
2018-02-04,100567.2,1701617.72,1802184.92,1757340.0,10747.05,14866.82
2018-02-05,100567.2,1682588.05,1783155.25,1738310.0,10747.12,14866.82
2018-02-06,100567.2,1524021.93,1624589.13,1604510.0,10754.11,14891.82
